Title,Department_Category,Subcategory,Selling_Price_INR,Original_Price_INR,Discount_Tag,Badge_Tag,Stock_Units,Subtitle,Description,Sound_Level,Material,Battery_Life,Waterproof_Rating,Modes_Count,Image_URLs_Semicolon_Separated,Colors_Name_Hex_Pairs
LELO Mona Wave Dual-Motor G-Spot Wand,vibrators,G-Spot Vibrators,899,1149,22% OFF,Luxury Flagship,35,WaveMotion technology that mimics the come-hither finger motion,Engineered with patented WaveMotion technology that surges and rolls inside you to mimic the natural come-hither finger motion with dual synchronized rumble motors.,< 25 dB (Ultra Silent),100% Medical Liquid Silicone & ABS Alloy,120 min Runtime / Magnetic Fast USB,IPX7 100% Waterproof,10 Sensation Speeds & Wave Frequencies,https://images.unsplash.com/photo-1544816155-12df9643f363?auto=format&fit=crop&w=800&q=80;https://images.unsplash.com/photo-1518895949257-7621c3c786d7?auto=format&fit=crop&w=800&q=80,"Midnight Plum:#3E1C4D, Rose Gold:#B76E79"
The Micro-Pulse Bullet Vibrator Pro,vibrators,Bullet Vibrators,649,849,24% OFF,Beginner Essential,80,Discreet pinpoint external clitoral stimulation wand,"Compact, whisper-quiet micro-pulse bullet delivering deep concentrated resonant frequencies with one-button simplicity and satin soft-touch coating.",< 28 dB,Body-Safe Liquid Silicone & Polished ABS,90 min USB Fast Rechargeable,IPX7 Submersible,10 High-Frequency Pulse Modes,https://images.unsplash.com/photo-1544816155-12df9643f363?auto=format&fit=crop&w=800&q=80;https://images.unsplash.com/photo-1616683693504-3ea7e9ad6fec?auto=format&fit=crop&w=800&q=80,"Rose Gold Ember:#B76E79, Midnight Onyx:#1C1C1C"
The Dual-Sensation Rabbit Vibrator Pro,vibrators,Rabbit Vibrators,749,949,21% OFF,Best Seller,45,Shaft for internal G-spot + clitoral bunny-ear stimulator,Features a contoured anatomical shaft for internal G-spot massage and a flexible external bunny-ear arm delivering synchronized dual orgasms.,< 30 dB,100% Medical Liquid Silicone,120 min USB Magnetic Runtime,IPX7 Waterproof,12 Dual-Motor Sensation Patterns,https://images.unsplash.com/photo-1518895949257-7621c3c786d7?auto=format&fit=crop&w=800&q=80;https://images.unsplash.com/photo-1544816155-12df9643f363?auto=format&fit=crop&w=800&q=80,"Velvet Plum:#4D1E4B, Blush Rose:#B76E79"
The Empress Heavy-Duty Full Body Wand Massager,vibrators,Wand Vibrators,849,1099,23% OFF,Heavyweight Power,30,High-torque broad head massager for rumbling vibrations,"Equipped with a high-torque brushless motor and cushioned silicone head designed for broad, rumbling vibrations that relieve deep muscle tension and trigger explosive climax.",< 34 dB,Medical Silicone & Aviation Alloy Neck,180 min Runtime / Fast AC & USB,IPX6 Splashproof,8 Speeds + 12 Variable Patterns,https://images.unsplash.com/photo-1584308666744-24d5c474f2ae?auto=format&fit=crop&w=800&q=80;https://images.unsplash.com/photo-1544816155-12df9643f363?auto=format&fit=crop&w=800&q=80,"Frosted Rose:#B76E79, Obsidian Black:#1C1C1C"
The Whisper Remote-Control Magnetic Panty Vibrator,vibrators,Panty Vibrators,749,949,21% OFF,Discreet Wearable,55,Magnetic clamp wearable vibe with long-range wireless remote,"Ultra-thin ergonomic curve secures invisibly inside underwear with powerful magnetic hold, controlled via wireless remote up to 15 meters for public or private thrills.",< 24 dB (Whisper Stealth),Seamless Platinum Silicone,90 min Magnetic USB Charge,IPX8 100% Submersible,10 Wireless Remote Modes,https://images.unsplash.com/photo-1518895949257-7621c3c786d7?auto=format&fit=crop&w=800&q=80;https://images.unsplash.com/photo-1516589178581-6cd7833ae3b2?auto=format&fit=crop&w=800&q=80,"Rose Gold Ember:#B76E79, Midnight Onyx:#1C1C1C"
Eggstacy Wireless Remote Love Egg Pro,vibrators,Egg Vibrators,699,899,22% OFF,Couples Favorite,60,Kegel strengthening & internal wireless love egg,Smooth waterproof Kegel love egg designed to tone pelvic floor muscles while delivering intense wireless partner-controlled pleasure.,< 26 dB,Body-Safe Liquid Silicone,120 min Runtime,IPX7 100% Waterproof,12 Vibration Frequencies,https://images.unsplash.com/photo-1516589178581-6cd7833ae3b2?auto=format&fit=crop&w=800&q=80;https://images.unsplash.com/photo-1544816155-12df9643f363?auto=format&fit=crop&w=800&q=80,"Sky Mint:#38BDF8, Velvet Rose:#B56571"
LELO Gigi 2 Targeted G-Spot Stimulator,vibrators,G-Spot Vibrators,849,1099,23% OFF,Award Winner,28,Flattened sculpted tip engineered for pinpoint G-spot pressure,Sculpted with a flattened duckbill-style tip that glides precisely against the G-spot to provide intense focused vibrations with whisper-quiet motor.,< 28 dB,Silky Smooth Medical Silicone & ABS,120 min USB Rechargeable,IPX7 Submersible,8 Variable Sensation Speeds,https://images.unsplash.com/photo-1544816155-12df9643f363?auto=format&fit=crop&w=800&q=80;https://images.unsplash.com/photo-1518895949257-7621c3c786d7?auto=format&fit=crop&w=800&q=80,"Plum Purple:#4A154B, Champagne Pearl:#E5DCC3"
We-Vibe Chorus Couples App-Controlled Vibrator,vibrators,Couples Vibrators,949,1249,24% OFF,Best for Couples,22,Worn during intercourse for simultaneous dual-partner stimulation,Flexible U-shape massager worn during intercourse. Stimulates the clitoris and G-spot simultaneously while enhancing penile sensation for the partner.,< 28 dB,Silky Platinum Silicone,90 min Magnetic Wireless Dock,100% Waterproof,Touch-Sense Smart Controls + Smartphone App,https://images.unsplash.com/photo-1518895949257-7621c3c786d7?auto=format&fit=crop&w=800&q=80;https://images.unsplash.com/photo-1516589178581-6cd7833ae3b2?auto=format&fit=crop&w=800&q=80,"Cosmic Blue:#1E3A8A, Sunset Pink:#DB2777"
Svakom Tanya Ergonomic 38°C Thermal Vibrator,vibrators,G-Spot Vibrators,799,1049,24% OFF,Thermal Warmth,32,Warms up to body temperature (38°C) with dual-motor pulsation,Features intelligent thermal heating that warms the silicone body to realistic human body temperature (38°C) within 3 minutes while delivering dual-point stimulation.,< 30 dB,Medical Soft-Touch Silicone,100 min USB Fast Charge,IPX7 Waterproof,5 Sensation Speeds + 5 Vibration Modes,https://images.unsplash.com/photo-1544816155-12df9643f363?auto=format&fit=crop&w=800&q=80;https://images.unsplash.com/photo-1584308666744-24d5c474f2ae?auto=format&fit=crop&w=800&q=80,"Velvet Rose:#B56571, Obsidian Onyx:#1C1C1C"
Fun Factory Miss Bi Double G-Spot & Clitoral Toy,vibrators,Rabbit Vibrators,799,1049,24% OFF,German Engineering,25,Curved dual-flex body crafted in Germany for deep fullness,Precision German engineered dual-stimulation toy with a firm curved G-spot arm and ergonomic clitoral resonance paddle that adapts to all body anatomies.,< 29 dB,100% Medical-Grade German Silicone,Magnetic Click 'n' Charge USB,100% Submersible,6 Vibration Speeds + 6 Rhythms,https://images.unsplash.com/photo-1518895949257-7621c3c786d7?auto=format&fit=crop&w=800&q=80;https://images.unsplash.com/photo-1544816155-12df9643f363?auto=format&fit=crop&w=800&q=80,"Neon Magenta:#BE185D, Deep Sea:#0369A1"
Satisfyer Double Joy Synchronized Couples Ring,vibrators,Couples Vibrators,699,899,22% OFF,App Enabled,40,Bluetooth app-controlled ergonomic couple ring,Designed to be shared during intimate partner moments. Enhances partner firmness while delivering intense clitoral vibrations controlled via the Satisfyer Connect app.,< 27 dB,Body-Friendly Liquid Silicone,USB Magnetic Charging,IPX7 Waterproof,10 Preset Modes + Unlimited Custom App Play,https://images.unsplash.com/photo-1605100804763-247f67b3557e?auto=format&fit=crop&w=800&q=80;https://images.unsplash.com/photo-1518895949257-7621c3c786d7?auto=format&fit=crop&w=800&q=80,"Midnight Blue:#1E293B, Rose Pink:#F43F5E"
The Petite Lipstick Travel Discreet Vibrator,vibrators,Bullet Vibrators,599,799,25% OFF,Discreet Disguise,90,Disguised as high-end designer lipstick for total travel discretion,Looks identical to a luxury lipstick tube with a sleek twist cap. Features a beveled silicone tip that delivers surprisingly intense pinpoint clitoral vibrations.,< 25 dB,ABS Gold Plating & Silicone Tip,AAA Battery / 4 Hours Play,IPX5 Water Resistant,1 Multi-Speed Smooth Dial,https://images.unsplash.com/photo-1544816155-12df9643f363?auto=format&fit=crop&w=800&q=80;https://images.unsplash.com/photo-1616683693504-3ea7e9ad6fec?auto=format&fit=crop&w=800&q=80,"Gloss Carmine:#991B1B, Rose Gold:#B76E79"
The Palm-Grip Ergonomic Body Massager,vibrators,Wand Vibrators,699,899,22% OFF,Ergonomic Choice,38,Fits naturally into palm of hand for effortless pressure control,"Pebble-shaped ergonomic massager that nestles naturally in the palm of your hand, allowing intuitive pressure adjustment across sensitive zones.",< 28 dB,Silky Soft-Touch Silicone,90 min USB Rechargeable,IPX7 Waterproof,8 Pulsing Rhythms,https://images.unsplash.com/photo-1584308666744-24d5c474f2ae?auto=format&fit=crop&w=800&q=80;https://images.unsplash.com/photo-1544816155-12df9643f363?auto=format&fit=crop&w=800&q=80,"Lavender Mist:#A855F7, Slate Onyx:#1E293B"
The Flexi-Tip Curve 360° Rabbit Vibrator,vibrators,Rabbit Vibrators,749,949,21% OFF,Ultra-Flexible,42,360° flexible silicone tip that bends to your exact natural contours,Features a revolutionary flexible inner core that bends smoothly to match your unique internal angle for targeted G-spot stimulation alongside fluttering external ears.,< 29 dB,100% Medical Liquid Silicone,120 min USB Fast Charge,IPX7 Submersible,10 Dual Motors Frequencies,https://images.unsplash.com/photo-1518895949257-7621c3c786d7?auto=format&fit=crop&w=800&q=80;https://images.unsplash.com/photo-1544816155-12df9643f363?auto=format&fit=crop&w=800&q=80,"Dusky Rose:#B56571, Midnight Onyx:#1C1C1C"
The Micro-Sonic Finger Vibrator Sleeve,vibrators,Bullet Vibrators,599,799,25% OFF,Hands-On Touch,65,Wearable textured silicone finger cot with high-frequency micro-motor,Slips directly onto the index or middle finger with textured nubs to transform natural touch into high-intensity sensual vibrations.,< 26 dB,Ultra-Stretch Platinum Silicone,60 min USB Charge,IPX7 100% Waterproof,7 Vibration Speeds,https://images.unsplash.com/photo-1544816155-12df9643f363?auto=format&fit=crop&w=800&q=80;https://images.unsplash.com/photo-1616683693504-3ea7e9ad6fec?auto=format&fit=crop&w=800&q=80,"Blush Pink:#F43F5E, Stealth Black:#1C1C1C"
The Whisper-Quiet Luxury Wand & Mist Set,vibrators,Wand Vibrators,699,899,22% OFF,Complete Ritual,50,Includes portable mini wand massager + botanical toy cleaning mist,The ultimate intimate starter kit containing a compact high-power wand massager with flexible neck and 60ml antibacterial organic cleaning mist.,< 27 dB,Silky Silicone & Antibacterial Mist,120 min USB Charge,IPX7 Waterproof,8 Deep Rumble Frequencies,https://images.unsplash.com/photo-1584308666744-24d5c474f2ae?auto=format&fit=crop&w=800&q=80;https://images.unsplash.com/photo-1544816155-12df9643f363?auto=format&fit=crop&w=800&q=80,"Rose Gold Obsidian:#1C1C1C, Champagne Pink:#F0B8BE"
The Naturalis Realistic Dual-Density Dildo,dildos-insertables,Realistic Dildos,749,949,21% OFF,Hyper-Realistic,40,Lifelike dual-layer silicone mold designed to mimic natural anatomy,"Features a firm internal backbone and velvety soft outer skin that replicates real human anatomy with lifelike veins, glans, and testicles.",Silent (0 dB),Dual-Density Platinum Silicone,Manual (No Battery),100% Boilable & Submersible,Flexible Ergonomic Thrusting,https://images.unsplash.com/photo-1518895949257-7621c3c786d7?auto=format&fit=crop&w=800&q=80;https://images.unsplash.com/photo-1507679799987-c73779587ccf?auto=format&fit=crop&w=800&q=80,"Caramel Tone:#C68A4C, Natural Sand:#D2A374, Midnight Onyx:#1C1C1C"
The Prism Handcrafted Borosilicate Glass Dildo,dildos-insertables,Glass Dildos,699,899,22% OFF,Temperature Play,35,"Non-porous, hand-blown crystal glass toy that can be heated or cooled","Non-porous, hypoallergenic borosilicate glass with ribbed spiral ripples. Place in warm water for soothing heat or ice water for sensory chills.",Completely Silent,Hypoallergenic Borosilicate Glass,Manual,100% Dishwasher Safe & Boilable,Thermal Conduction Warm/Cold,https://images.unsplash.com/photo-1544816155-12df9643f363?auto=format&fit=crop&w=800&q=80;https://images.unsplash.com/photo-1584308666744-24d5c474f2ae?auto=format&fit=crop&w=800&q=80,"Clear Crystal:#E6F0FA, Cobalt Swirl:#1D3557"
The Apex Mirror-Polished Stainless Steel Metal Dildo,dildos-insertables,Metal Dildos,749,949,21% OFF,Heavyweight Luxe,20,"Heavy, mirror-polished steel insertable delivering deep fullness","Crafted from solid 316L surgical-grade stainless steel weighing 520g for profound internal pressure, instant temperature responsiveness, and effortless glide.",Silent,316L Surgical Stainless Steel,Manual,100% Submersible,Weighted Pressure Therapy,https://images.unsplash.com/photo-1550745165-9bc0b252726f?auto=format&fit=crop&w=800&q=80;https://images.unsplash.com/photo-1584308666744-24d5c474f2ae?auto=format&fit=crop&w=800&q=80,"Mirror Chrome:#C0C0C0, Rose Gold Plated:#B76E79"
The Pure Curve Liquid Silicone Flexible Dildo,dildos-insertables,Silicone Dildos,699,899,22% OFF,Body-Safe Choice,55,"Flexible, velvety soft textured medical silicone insertable",Silky smooth liquid silicone dildo featuring a gentle upward anatomical curve designed to naturally target and stimulate the anterior G-spot wall.,Silent,100% Medical Grade Silicone,Manual,100% Waterproof & Washable,Flexible Anatomical Ergonomics,https://images.unsplash.com/photo-1518895949257-7621c3c786d7?auto=format&fit=crop&w=800&q=80;https://images.unsplash.com/photo-1544816155-12df9643f363?auto=format&fit=crop&w=800&q=80,"Midnight Plum:#3E1C4D, Blush Rose:#B76E79"
The Kinetic Drive Automated Thrusting Dildo,dildos-insertables,Thrusting Dildos,899,1149,22% OFF,Motorized Tech,18,Mechanically strokes in and out up to 3 inches on its own,Internal linear micro-motor powers automatic mechanical in-and-out thrusting motion up to 3 inches with simultaneous multi-frequency vibrations.,< 38 dB,Medical Silicone & Alloy Chassis,90 min High-Power USB Runtime,IPX6 Splashproof,7 Thrusting Speeds + 10 Vibration Modes,https://images.unsplash.com/photo-1507679799987-c73779587ccf?auto=format&fit=crop&w=800&q=80;https://images.unsplash.com/photo-1584308666744-24d5c474f2ae?auto=format&fit=crop&w=800&q=80,"Obsidian Velvet:#1C1C1C, Rose Gold:#B76E79"
The Infinity Connected Flexible Double Dildo,dildos-insertables,Double Dildos,749,949,21% OFF,Couples Favorite,25,Dual-ended 38cm piece for partner-to-partner connection,Seamless flexible silicone piece allowing two partners to connect face-to-face or a single user to experience profound simultaneous dual insertion.,Silent,Bendable Platinum Silicone,Manual,100% Waterproof,Flexible Dual Anatomy (38cm Length),https://images.unsplash.com/photo-1516589178581-6cd7833ae3b2?auto=format&fit=crop&w=800&q=80;https://images.unsplash.com/photo-1518895949257-7621c3c786d7?auto=format&fit=crop&w=800&q=80,"Deep Mulberry:#42163B, Charcoal Black:#1C1C1C"
The Strong-Hold Hands-Free Suction-Cup Dildo,dildos-insertables,Suction-Cup Dildos,699,899,22% OFF,Hands-Free Top Pick,50,"Powerful vacuum base attaches to shower tiles, walls, or harness","Equipped with a powerful suction base that anchors firmly to smooth bathroom tiles, shower walls, floors, or strap-on harnesses for hands-free positioning.",Silent,Firm Body-Safe Silicone,Harness Compatible (No Battery),100% Submersible,Hands-Free Surface Mount,https://images.unsplash.com/photo-1518895949257-7621c3c786d7?auto=format&fit=crop&w=800&q=80;https://images.unsplash.com/photo-1544816155-12df9643f363?auto=format&fit=crop&w=800&q=80,"Rose Gold Ember:#B76E79, Midnight Onyx:#1C1C1C"
The Spiral-Ribbed Contoured G-Spot Dildo,dildos-insertables,Silicone Dildos,699,899,22% OFF,Textured Friction,45,Ascending textured ridges that massage on both insertion and withdrawal,"Features escalating spiral ribbed contours that stimulate every nerve ending along the vaginal canal, culminating in an ergonomic curved head.",Silent,100% Medical Grade Silicone,Manual,100% Waterproof,Tactile Spiral Resistance,https://images.unsplash.com/photo-1544816155-12df9643f363?auto=format&fit=crop&w=800&q=80;https://images.unsplash.com/photo-1518895949257-7621c3c786d7?auto=format&fit=crop&w=800&q=80,"Obsidian Velvet:#1C1C1C, Velvet Violet:#581C87"
The Crystal Swirl Dual-End Glass Sensation Wand,dildos-insertables,Glass Dildos,749,949,21% OFF,Artisanal Glass,28,Dual-ended glass toy with beaded tip on one side & bulb on other,Handcrafted borosilicate crystal featuring two distinct ends: a textured ribbed bulb on one end for G-spot pressure and graduated beads on the other.,Silent,Borosilicate Crystal Glass,Manual,100% Boilable,Dual-Ended Sensation Options,https://images.unsplash.com/photo-1584308666744-24d5c474f2ae?auto=format&fit=crop&w=800&q=80;https://images.unsplash.com/photo-1544816155-12df9643f363?auto=format&fit=crop&w=800&q=80,"Champagne Swirl:#D4AF37, Pure Crystal:#F8FAFC"
The Monarch 600g Heavyweight Surgical Steel Dildo,dildos-insertables,Metal Dildos,7499,9499,21% OFF,Heavy Girth,15,Solid 600g heavyweight mirror steel dildo for maximum fullness,"Weighing a solid 600 grams of seamless 316L medical stainless steel, delivering unparalleled stretch, fullness, and deep sensation.",Silent,316L Mirror-Polished Steel,Manual,100% Submersible,Weighted Girth Stimulation,https://images.unsplash.com/photo-1550745165-9bc0b252726f?auto=format&fit=crop&w=800&q=80;https://images.unsplash.com/photo-1584308666744-24d5c474f2ae?auto=format&fit=crop&w=800&q=80,Mirror Chrome:#E2E8F0
The Poseable Internal Spine Multi-Angle Dildo,dildos-insertables,Silicone Dildos,699,899,22% OFF,Custom Angle,35,Flexible internal metal spine holds any bend or curve you shape,Engineered with a memory-flex internal skeleton that can be bent into any custom curve and holds its shape with rigid stability throughout your session.,Silent,Liquid Silicone + Copper Flex Core,Manual,100% Submersible,360° Custom Shapeable Angles,https://images.unsplash.com/photo-1518895949257-7621c3c786d7?auto=format&fit=crop&w=800&q=80;https://images.unsplash.com/photo-1544816155-12df9643f363?auto=format&fit=crop&w=800&q=80,"Plum Ember:#701A75, Midnight Onyx:#1C1C1C"
The Sovereign Flared Base Harness-Ready Dildo,dildos-insertables,Realistic Dildos,699,899,22% OFF,Harness Compatible,40,Flared base compatible with all standard strap-on O-rings,Designed specifically with a grooved flared base that locks securely into all standard universal strap-on harness O-rings without slipping or dislodging.,Silent,Firm Medical Silicone,Harness Compatible,100% Waterproof,Strap-On Partner Play,https://images.unsplash.com/photo-1507679799987-c73779587ccf?auto=format&fit=crop&w=800&q=80;https://images.unsplash.com/photo-1518895949257-7621c3c786d7?auto=format&fit=crop&w=800&q=80,"Natural Tan:#D97706, Jet Black:#18181B"
The Ocean-Wave Textured Silicone Dildo,dildos-insertables,Silicone Dildos,699,899,22% OFF,Wave Texture,48,Horizontal wave ripples that create undulating internal friction,"Crafted with undulating horizontal ripples along its length, generating rhythmic waves of internal tactile pressure with every movement.",Silent,100% Velvet Liquid Silicone,Manual,100% Waterproof,Rhythmic Wave Friction,https://images.unsplash.com/photo-1544816155-12df9643f363?auto=format&fit=crop&w=800&q=80;https://images.unsplash.com/photo-1518895949257-7621c3c786d7?auto=format&fit=crop&w=800&q=80,"Teal Lagoon:#0D9488, Rose Pink:#F43F5E"
The Anatomica Dual-Tone Veined Silicone Dildo,dildos-insertables,Realistic Dildos,699,899,22% OFF,Anatomical Precision,36,Hand-painted dual-tone silicone with pronounced veins & defined head,"Features high-definition hand-tinted silicone detailing with realistic anatomical veins, prominent glans flare, and a sturdy suction cup base.",Silent,Medical Platinum Silicone,Manual,100% Submersible,Anatomical Fullness,https://images.unsplash.com/photo-1518895949257-7621c3c786d7?auto=format&fit=crop&w=800&q=80;https://images.unsplash.com/photo-1507679799987-c73779587ccf?auto=format&fit=crop&w=800&q=80,"Espresso Bronze:#78350F, Warm Sand:#FBBF24"
The Flared Velvet Silicone Butt Plug,anal-toys,Butt Plugs,3099,4099,25% OFF,Safe & Classic,65,Flared safety base toy designed for comfortable long-wear,Engineered with a smooth tapered tip and safety flared ergonomic base designed to remain comfortably in place during solo play or partner intercourse.,Silent,Medical Liquid Silicone & Crystal Gem,Non-electric,100% Submersible,Ergonomic Flared Anchor,https://images.unsplash.com/photo-1584308666744-24d5c474f2ae?auto=format&fit=crop&w=800&q=80;https://images.unsplash.com/photo-1550745165-9bc0b252726f?auto=format&fit=crop&w=800&q=80,"Obsidian Black:#1C1C1C, Rose Gold Chrome Jewel Base:#B76E79"
The Sensual Graduated Anal Beads,anal-toys,Anal Beads,3299,4399,24% OFF,Climax Booster,50,5 graduating spheres for intense sensation upon insertion & removal,Features 5 progressive graduating spheres designed to build profound fullness upon insertion and explosive climactic release upon slow removal.,Silent,Flexible Medical Silicone,Non-electric,100% Waterproof,Progressive Sphere Resistance,https://images.unsplash.com/photo-1605100804763-247f67b3557e?auto=format&fit=crop&w=800&q=80;https://images.unsplash.com/photo-1584308666744-24d5c474f2ae?auto=format&fit=crop&w=800&q=80,"Deep Plum:#3B1A40, Pure Onyx:#1C1C1C"
The Nexus Ergonomic Prostate Massager,anal-toys,Prostate Massagers,8099,10099,20% OFF,#1 Men Sex Toy,35,Angled specifically to stimulate the male P-spot & perineum,Angled specifically with an anatomical curve to target and massage the male P-spot and perineum with dual-motor synchronized vibration.,< 30 dB (Whisper Silent),100% Medical Liquid Silicone,120 min runtime / Magnetic USB,IPX7 Waterproof,8 Dual-Motor Vibration Modes,https://images.unsplash.com/photo-1584308666744-24d5c474f2ae?auto=format&fit=crop&w=800&q=80;https://images.unsplash.com/photo-1507679799987-c73779587ccf?auto=format&fit=crop&w=800&q=80,"Midnight Onyx:#1C1C1C, Deep Indigo:#1A244D"
The Expand-Air Inflatable Silicone Butt Plug,anal-toys,Inflatable Plugs,6099,7799,22% OFF,Custom Sensation,25,Features a precision hand pump to expand internal girth up to 2.5x,Features a medical-grade hand bulb pump and pressure release valve allowing you to expand the internal girth smoothly and customize fullness.,Silent,Multi-Layer Seamless Silicone,Manual Hand Pump,100% Washable,Expandable Custom Diameter up to 2.5x,https://images.unsplash.com/photo-1550745165-9bc0b252726f?auto=format&fit=crop&w=800&q=80;https://images.unsplash.com/photo-1584308666744-24d5c474f2ae?auto=format&fit=crop&w=800&q=80,Matte Black:#1C1C1C
The Sovereign Ergonomic Metal Anal Hook,anal-toys,Anal Hooks,5399,6699,20% OFF,Kink Specialist,18,Mirror-polished steel curve designed for targeted hands-free pressure,"Sleek, mirror-polished steel anchor hook designed to maintain steady, deep internal pressure without slipping during sensory play sessions.",Silent,Surgical Stainless Steel,Non-electric,100% Submersible,Targeted Anchor Ergonomics,https://images.unsplash.com/photo-1550745165-9bc0b252726f?auto=format&fit=crop&w=800&q=80;https://images.unsplash.com/photo-1605100804763-247f67b3557e?auto=format&fit=crop&w=800&q=80,Mirror Steel:#C0C0C0
LELO Hugo Remote-Controlled Prostate Vibrator,anal-toys,Prostate Massagers,15499,19999,22% OFF,Luxury Men Choice,14,SenseMotion wireless motion-controlled dual vibrating prostate toy,"Two powerful motors stimulate the prostate and perineum, controlled by a wireless remote that alters vibrations according to your hand tilt motions.",< 25 dB,Silky Premium Medical Silicone,120 min USB Rechargeable,100% Waterproof,8 SenseMotion Interactive Speeds,https://images.unsplash.com/photo-1507679799987-c73779587ccf?auto=format&fit=crop&w=800&q=80;https://images.unsplash.com/photo-1584308666744-24d5c474f2ae?auto=format&fit=crop&w=800&q=80,"Midnight Black:#1C1C1C, Royal Purple:#581C87"
The Jewel-Base Crystal Glass Anal Plug,anal-toys,Butt Plugs,2899,3899,25% OFF,Aesthetic Gem,55,Hand-blown crystal glass plug crowned with a faceted gemstone base,Ultra-smooth non-porous borosilicate glass plug with a jewel base that catches the light beautifully. Hypoallergenic and temperature-play ready.,Silent,Borosilicate Glass & Crystal Gem,Non-electric,100% Boilable,Thermal Heat/Cool Play,https://images.unsplash.com/photo-1544816155-12df9643f363?auto=format&fit=crop&w=800&q=80;https://images.unsplash.com/photo-1584308666744-24d5c474f2ae?auto=format&fit=crop&w=800&q=80,"Ruby Red Gem:#DC2626, Sapphire Blue Gem:#2563EB, Rose Gold Gem:#B76E79"
The Dual-Motor Vibrating Prostate & Perineum Stimulator,anal-toys,Prostate Massagers,5499,7299,25% OFF,Dual Resonance,32,Synchronized internal P-spot head and external perineum vibration arm,Engineered with two independent motors to deliver deep rumbles simultaneously against the internal prostate gland and the external perineum base.,< 29 dB,Soft Touch Medical Silicone,90 min Magnetic USB,IPX7 Waterproof,10 Synchronized Patterns,https://images.unsplash.com/photo-1584308666744-24d5c474f2ae?auto=format&fit=crop&w=800&q=80;https://images.unsplash.com/photo-1507679799987-c73779587ccf?auto=format&fit=crop&w=800&q=80,"Midnight Onyx:#1C1C1C, Cobalt Blue:#1E40AF"
The Beginner Petite Tapered Silicone Plug Set,anal-toys,Butt Plugs,2499,3499,28% OFF,3-Piece Starter Kit,70,"Set of 3 graduating plugs (Small, Medium, Large) for smooth progression","Includes 3 velvety liquid silicone plugs of increasing sizes, each featuring a narrow tapered tip and wide flared safety anchor base.",Silent,100% Medical Platinum Silicone,Non-electric,100% Waterproof,"Graduated Size Training (S, M, L)",https://images.unsplash.com/photo-1584308666744-24d5c474f2ae?auto=format&fit=crop&w=800&q=80;https://images.unsplash.com/photo-1550745165-9bc0b252726f?auto=format&fit=crop&w=800&q=80,"Dusky Rose:#B56571, Matte Black:#1C1C1C"
The Heavyweight 350g Steel Flared Anal Anchor,anal-toys,Butt Plugs,4299,5699,25% OFF,Weighted Sensation,25,Weighted 350g mirror-finish stainless steel plug for intense fullness,Solid surgical-grade steel plug providing weighted internal sensation that moves naturally with your posture and responds instantly to temperature.,Silent,316L Surgical Stainless Steel,Non-electric,100% Submersible,Weighted Fullness Play,https://images.unsplash.com/photo-1550745165-9bc0b252726f?auto=format&fit=crop&w=800&q=80;https://images.unsplash.com/photo-1584308666744-24d5c474f2ae?auto=format&fit=crop&w=800&q=80,Mirror Chrome:#CBD5E1
The Kinetic Rotating Bead Motorized Anal Wand,anal-toys,Prostate Massagers,8999,11999,25% OFF,Motorized Rotation,20,Internal motorized rotating beads create continuous swirling waves,Internal mechanical drive rotates stainless steel beads smoothly in clockwise and counter-clockwise directions to deliver profound swirling pressure.,< 32 dB,Silicone & Internal Steel Bearings,100 min USB Rechargeable,IPX7 Waterproof,5 Rotation Speeds + 7 Vibration Modes,https://images.unsplash.com/photo-1584308666744-24d5c474f2ae?auto=format&fit=crop&w=800&q=80;https://images.unsplash.com/photo-1507679799987-c73779587ccf?auto=format&fit=crop&w=800&q=80,"Midnight Onyx:#1C1C1C, Rose Plum:#B56571"
The Spiral Ridge Borosilicate Crystal Plug,anal-toys,Butt Plugs,2999,3999,25% OFF,Spiral Swirl,45,Twisted spiral ribs handcrafted into non-porous borosilicate glass,Features a gentle spiral twist that massages sensory nerve endings upon insertion and rotational movement. Safe for warm water or ice bath temperature play.,Silent,Borosilicate Glass,Non-electric,100% Boilable,Rotational Tactile Stimulation,https://images.unsplash.com/photo-1544816155-12df9643f363?auto=format&fit=crop&w=800&q=80;https://images.unsplash.com/photo-1584308666744-24d5c474f2ae?auto=format&fit=crop&w=800&q=80,"Clear Ice:#F1F5F9, Smoke Grey:#334155"
The Hands-Free Perineum Prostate Rocker,anal-toys,Prostate Massagers,4799,6299,24% OFF,Hands-Free Play,30,Rocks naturally with body movement to stimulate the prostate hands-free,Curved anatomical cradle design that rocks against the pelvic floor and perineum with pelvic contractions for effortless hands-free P-spot stimulation.,Silent,Platinum Liquid Silicone,Non-electric,100% Submersible,Pelvic Contraction Rocking,https://images.unsplash.com/photo-1507679799987-c73779587ccf?auto=format&fit=crop&w=800&q=80;https://images.unsplash.com/photo-1584308666744-24d5c474f2ae?auto=format&fit=crop&w=800&q=80,"Obsidian Black:#1C1C1C, Ocean Slate:#0F172A"
The Tri-Sphere Ergonomic Flexible Anal Beads,anal-toys,Anal Beads,2799,3699,24% OFF,Flexible Training,50,3 connected flexible spheres with ergonomic finger retrieval ring,"Engineered with 3 progressive spheres on a flexible silicone cord and a sturdy safety finger loop for effortless control, gentle stretch, and sensational removal.",Silent,100% Medical Silicone,Non-electric,100% Waterproof,Progressive Stretch Training,https://images.unsplash.com/photo-1605100804763-247f67b3557e?auto=format&fit=crop&w=800&q=80;https://images.unsplash.com/photo-1584308666744-24d5c474f2ae?auto=format&fit=crop&w=800&q=80,"Velvet Rose:#B56571, Midnight Onyx:#1C1C1C"
The Velvet-Skin Fleshlight Textured Stroker Case,male-masturbators,Fleshlight Cases,749,949,21% OFF,Male Best Seller,55,Discreet handheld case with patented textured SuperSkin internal sleeve,Iconic discreet flashlight-style case with an ultra-soft textured SuperSkin internal sleeve that replicates natural anatomy with adjustable air suction end-cap.,Whisper Soft,Patented RealFeel SuperSkin + ABS Hardcase,Manual Suction,100% Washable Core,Adjustable Air Suction Dial,https://images.unsplash.com/photo-1507679799987-c73779587ccf?auto=format&fit=crop&w=800&q=80;https://images.unsplash.com/photo-1550745165-9bc0b252726f?auto=format&fit=crop&w=800&q=80,"Stealth Black:#1C1C1C, Silver Slate:#708090"
The Compact Ribbed Pocket Pussy Manual Stroker,male-masturbators,Manual Strokers,2499,3299,24% OFF,Compact & Discreet,85,"Portable, pocket-sized sleeve with internal chamber ribbed nodules",Pocket-sized discrete sleeve with intense internal micro-ribs and a squeeze-responsive body that adapts to your desired pressure.,Completely Silent,Ultra-Soft Hypoallergenic TPE,Manual,100% Washable,Manual Pressure Squeeze,https://images.unsplash.com/photo-1550745165-9bc0b252726f?auto=format&fit=crop&w=800&q=80;https://images.unsplash.com/photo-1507679799987-c73779587ccf?auto=format&fit=crop&w=800&q=80,"Natural Blush:#E8C5B0, Onyx Shell:#1C1C1C"
The Apex Motion Heated Automatic Male Stroker,male-masturbators,Automatic Strokers,13999,17499,20% OFF,High-Tech Flagship,20,Motorized thrusting up to 300 strokes/min + 40°C thermal heating chamber,Robotic linear motion auto-stroker with internal 40°C thermal heating chamber. Moves up and down hands-free at up to 300 thrusts per minute with customizable suction.,< 38 dB,Ultra-Soft RealFeel TPE + Alloy Chassis,90 min Fast Charging Dock,Washable Core (IPX7),7 Auto-Stroking Speeds + 40C Heating,https://images.unsplash.com/photo-1507679799987-c73779587ccf?auto=format&fit=crop&w=800&q=80;https://images.unsplash.com/photo-1550745165-9bc0b252726f?auto=format&fit=crop&w=800&q=80,"Carbon Black:#111111, Lunar Silver:#CCCCCC"
The Precision Vacuum Cylinder Penis Pump,male-masturbators,Automatic Strokers,5399,6699,20% OFF,Stamina & Size,40,Vacuum cylinder with precision PSI gauge and quick-release valve,"Medical-grade acrylic vacuum cylinder with calibrated millimeter measuring scale, quick-release pressure valve, and ultra-flexible silicone airtight seal.",Silent,Shatterproof Acrylic & Silicone Seal,Pneumatic Hand Grip Pump,100% Submersible & Washable,Calibrated PSI Pressure Tuning,https://images.unsplash.com/photo-1550745165-9bc0b252726f?auto=format&fit=crop&w=800&q=80;https://images.unsplash.com/photo-1507679799987-c73779587ccf?auto=format&fit=crop&w=800&q=80,Clear Acrylic with Smoked Base:#E2E8F0
Spinner Pleasure Gear Motorized Auto-Stroker,male-masturbators,Automatic Strokers,2499,3999,37% OFF,Men Top Choice,60,Thermal spiral motorized stroker with vacuum suction chamber,"Thermal spiral motorized male stroker featuring multi-speed automatic rotations, dynamic pneumatic vacuum pressure, and 40°C soothing warmth.",< 32 dB,SuperSkin & ABS Core,120 min USB Fast Charge,100% Washable Core,7 Rotation Speeds + 5 Suction Patterns,https://images.unsplash.com/photo-1507679799987-c73779587ccf?auto=format&fit=crop&w=800&q=80;https://images.unsplash.com/photo-1550745165-9bc0b252726f?auto=format&fit=crop&w=800&q=80,"Velvet Red:#8B0000, Midnight Onyx:#1C1C1C"
Naughty Nights X Calmras Stroker,male-masturbators,Fleshlight Cases,999,1596,37% OFF,Pocket Value,95,Discreet pocket case with ultra-soft ribbed textured inner sleeve,Discreet pocket case featuring an ultra-soft ribbed textured inner sleeve that replicates natural anatomy with an airtight suction release end-cap.,Completely Silent,Hypoallergenic SuperSoft Silicone,Manual Suction Dial,100% Submersible,Adjustable End-Cap Air Resistance,https://images.unsplash.com/photo-1550745165-9bc0b252726f?auto=format&fit=crop&w=800&q=80;https://images.unsplash.com/photo-1507679799987-c73779587ccf?auto=format&fit=crop&w=800&q=80,"Pure White:#F8F8F8, Obsidian Black:#1C1C1C"
Pathan Dotted Stamina Endurance Stroker,male-masturbators,Manual Strokers,1499,2599,42% OFF,Stamina Essential,75,High-density studded nodules providing intense tactile friction,Engineered with high-density studded nodules providing intense tactile friction and stamina endurance training in a compact travel-ready sleeve.,Silent,Multi-Ribbed Platinum Silicone,Manual Control,100% Waterproof,Customizable Squeeze Tension,https://images.unsplash.com/photo-1584308666744-24d5c474f2ae?auto=format&fit=crop&w=800&q=80;https://images.unsplash.com/photo-1507679799987-c73779587ccf?auto=format&fit=crop&w=800&q=80,"Solar Yellow:#EAB308, Midnight Onyx:#1C1C1C"
Beat Stroker Ultra-Flex Open-Ended Sleeve,male-masturbators,Automatic Strokers,3499,6999,50% OFF,50% Off Special,45,Open-ended ergonomic silicone sleeve with customizable squeeze,"Open-ended ergonomic silicone sleeve with customizable squeeze resistance, multi-frequency vibration pulses, and simultaneous oral/manual simulation.",< 30 dB,Soft Velvet Liquid Silicone,Magnetic USB Rechargeable,IPX7 Waterproof,10 High-Torque Pulsing Modes,https://images.unsplash.com/photo-1518895949257-7621c3c786d7?auto=format&fit=crop&w=800&q=80;https://images.unsplash.com/photo-1507679799987-c73779587ccf?auto=format&fit=crop&w=800&q=80,"Graphite Grey:#4B5563, Rose Plum:#B56571"
Naughty Nights X Calmras Matrix Cup,male-masturbators,Fleshlight Cases,999,1499,33% OFF,High Demand,90,Geometric diamond ribbed internal core delivering targeted glans stimulation,Features a geometric diamond ribbed internal core delivering targeted penile glans stimulation and intense climax acceleration.,Silent,Medical-Grade Soft Touch Polymer,Non-electric,100% Washable,Ergonomic Hand Grip,https://images.unsplash.com/photo-1605100804763-247f67b3557e?auto=format&fit=crop&w=800&q=80;https://images.unsplash.com/photo-1550745165-9bc0b252726f?auto=format&fit=crop&w=800&q=80,Pearl White:#FFFFFF
Tenga Flip Zero Electronic Pulsing Masturbator,male-masturbators,Automatic Strokers,899,1149,22% OFF,Japanese Precision,22,Dual vibrating cores with flip-open easy-wash design,"Iconic Japanese flip-open casing with two high-torque vibrating motors, seamless internal elastomer ribs, and hygienic drying stand.",< 34 dB,Medical Elastomer & ABS Hard Shell,90 min Magnetic USB Charge,100% Waterproof (Washable),5 Pulsing Speeds + 2 Vibration Cores,https://images.unsplash.com/photo-1507679799987-c73779587ccf?auto=format&fit=crop&w=800&q=80;https://images.unsplash.com/photo-1550745165-9bc0b252726f?auto=format&fit=crop&w=800&q=80,"Arctic White:#F8FAFC, Obsidian Black:#0F172A"
Tenga 3D Spiral Geometric Reversible Stroker,male-masturbators,Manual Strokers,649,849,24% OFF,Geometric Art,50,"Turn inside-out to wash & dry, geometric internal spiral ribs",Sculpted silicone sleeve that sits on a sleek vanity display stand. Turns inside out effortlessly for thorough washing and rapid air drying.,Silent,High-Elasticity Medical Polymer,Manual,100% Waterproof,Spiral Texture Grip,https://images.unsplash.com/photo-1550745165-9bc0b252726f?auto=format&fit=crop&w=800&q=80;https://images.unsplash.com/photo-1507679799987-c73779587ccf?auto=format&fit=crop&w=800&q=80,"Clear Crystal:#E2E8F0, Slate Blue:#475569"
Arcwave Ion Air-Pulse Pleasure Glans Stroker,male-masturbators,Automatic Strokers,999,1299,23% OFF,Revolutionary Tech,16,Pleasure Air suction technology targeted directly at the penile glans,World-first male masturbator using patented Pleasure Air technology to stimulate the sensitive nerve endings of the glans with touchless pulsating airwaves.,< 30 dB,CleanTech Silicone & Smart Base,120 min Wireless Charging Base,IPX7 Waterproof,8 Sonic Air-Pulse Intensities + Smart Twist,https://images.unsplash.com/photo-1507679799987-c73779587ccf?auto=format&fit=crop&w=800&q=80;https://images.unsplash.com/photo-1550745165-9bc0b252726f?auto=format&fit=crop&w=800&q=80,"Matte Titanium:#334155, Deep Slate:#0F172A"
The Hands-Free Suction Base Articulating Male Stroker,male-masturbators,Automatic Strokers,799,1049,24% OFF,Hands-Free Rig,25,Heavy-duty ball-joint suction mount allows hands-free pleasure at any angle,"Equipped with an industrial-strength suction clamp and 360° articulating ball joint that locks onto tables, walls, or headboards for total hands-free control.",< 35 dB,Dual-Layer TPE & Steel Joint Mount,USB Fast Charging,Washable Sleeve,Multi-Speed Thrust & Vibration,https://images.unsplash.com/photo-1507679799987-c73779587ccf?auto=format&fit=crop&w=800&q=80;https://images.unsplash.com/photo-1550745165-9bc0b252726f?auto=format&fit=crop&w=800&q=80,Stealth Black:#18181B
The Crystal Clear Multi-Chamber Ribbed Stroker,male-masturbators,Manual Strokers,599,799,25% OFF,Visual Sensory,60,Transparent crystal elastomer lets you view every stroke in real time,Transparent high-clarity soft elastomer with alternating ribbed and textured nodules that provides thrilling visual feedback during solo play.,Silent,100% Phthalate-Free Clear Elastomer,Manual,100% Washable,Squeeze & Stroke Friction,https://images.unsplash.com/photo-1550745165-9bc0b252726f?auto=format&fit=crop&w=800&q=80;https://images.unsplash.com/photo-1507679799987-c73779587ccf?auto=format&fit=crop&w=800&q=80,Crystal Clear:#F1F5F9
The Vulcan 42°C Thermal Dual-Chamber Stroker,male-masturbators,Automatic Strokers,9499,12499,24% OFF,42°C Body Heat,20,Dual-ended sleeve with rapid 42°C internal heating elements,Features two distinct textured entry ports (oral & tight canal) with rapid internal heating elements that warm to a lifelike 42°C.,< 32 dB,RealFeel Medical Silicone & ABS Core,120 min Fast USB Charge,Removable Washable Core,6 Auto Vibrations + Dual-Zone Warmth,https://images.unsplash.com/photo-1507679799987-c73779587ccf?auto=format&fit=crop&w=800&q=80;https://images.unsplash.com/photo-1550745165-9bc0b252726f?auto=format&fit=crop&w=800&q=80,"Crimson Slate:#881337, Midnight Black:#0F172A"
The Hydro-Max Digital Automatic Motorized Penis Pump,male-masturbators,Automatic Strokers,799,1049,24% OFF,Digital Sensor,28,Electric motorized vacuum pump with digital LCD pressure readout,"Electric motorized cylinder pump featuring real-time LCD pressure gauge, automated step-by-step training programs, and emergency safety release.",< 35 dB,Medical Acrylic & Liquid Silicone Flange,180 min USB Rechargeable,IPX7 Submersible,4 Automatic Vacuum Pressure Cycles,https://images.unsplash.com/photo-1550745165-9bc0b252726f?auto=format&fit=crop&w=800&q=80;https://images.unsplash.com/photo-1507679799987-c73779587ccf?auto=format&fit=crop&w=800&q=80,Smoked Obsidian:#18181B
The Pulse-Charge Vibrating Dual Cock Ring,cock-rings,Vibrating Cock Rings,649,849,24% OFF,Couples Favorite,75,Stretches around shaft & testicles with high-frequency clitoral bullet,Elastic silicone dual-loop ring that restricts blood flow for rock-solid stamina while a contoured vibrating motor provides continuous partner stimulation.,< 25 dB,100% Medical Platinum Silicone,80 min USB Fast Rechargeable,IPX8 100% Submersible,10 Sensation Speeds,https://images.unsplash.com/photo-1605100804763-247f67b3557e?auto=format&fit=crop&w=800&q=80;https://images.unsplash.com/photo-1584308666744-24d5c474f2ae?auto=format&fit=crop&w=800&q=80,"Midnight Onyx:#1C1C1C, Rose Gold:#B76E79"
The Double-Lock Shaft & Ball Stretchy Cock Ring,cock-rings,Stretchy Silicone Rings,599,799,25% OFF,Stamina Essential,90,Figure-8 dual-loop ring for maximum erection firmness and stamina delay,Ergonomic Figure-8 loop engineered from ultra-elastic velvety silicone. Locks firmly around both the shaft base and testicles for enhanced size and prolonged climax.,Completely Silent,Premium Velvet Silicone,Non-electric,100% Waterproof,Anatomical Ergonomic Dual-Lock,https://images.unsplash.com/photo-1605100804763-247f67b3557e?auto=format&fit=crop&w=800&q=80;https://images.unsplash.com/photo-1544816155-12df9643f363?auto=format&fit=crop&w=800&q=80,"Obsidian Black:#1C1C1C, Crimson Red:#8B0000"
The Eclipse Dual Resonance Vibrating Cock Ring,cock-rings,Vibrating Cock Rings,699,899,22% OFF,Couples Top Choice,50,Restricts blood flow for stamina + buzzing vibrations,Restricts blood flow to prolong stamina while delivering powerful direct clitoral stimulation with twin micro-vibration motors.,< 25 dB,Stretch-Flex Liquid Silicone,75 min Magnetic USB,IPX8 100% Submersible,10 Synchronized Modes,https://images.unsplash.com/photo-1605100804763-247f67b3557e?auto=format&fit=crop&w=800&q=80;https://images.unsplash.com/photo-1584308666744-24d5c474f2ae?auto=format&fit=crop&w=800&q=80,"Midnight Onyx:#1C1C1C, Crimson Red:#8B0000"
The Titan Mirror-Polished Surgical Steel Cock Ring,cock-rings,Metal Cock Rings,649,849,24% OFF,Solid Steel,40,Solid 316L mirror-polished medical steel ring for firm constriction,"Precision machined from surgical-grade stainless steel with smooth radius inner edges for profound firmness, weight, and enhanced staying power.",Silent,316L Surgical Stainless Steel,Non-electric,100% Submersible,"Solid Constriction (Available in 45mm, 50mm, 55mm)",https://images.unsplash.com/photo-1550745165-9bc0b252726f?auto=format&fit=crop&w=800&q=80;https://images.unsplash.com/photo-1605100804763-247f67b3557e?auto=format&fit=crop&w=800&q=80,"Mirror Chrome:#E2E8F0, Rose Gold Plated:#B76E79"
The Textured Stamina Extender Girth Sleeve,cock-rings,Stretchy Silicone Rings,599,799,25% OFF,Girth Booster,65,Adds 0.5 inches girth & textured friction with testicle strap,"Ultra-soft studded silicone sleeve that fits snugly over the penile shaft to add visible girth, delay ejaculation, and provide intense internal ribbed stimulation.",Silent,Super-Stretch Platinum Silicone,Non-electric,100% Washable,Girth Extension & Stamina Lock,https://images.unsplash.com/photo-1605100804763-247f67b3557e?auto=format&fit=crop&w=800&q=80;https://images.unsplash.com/photo-1550745165-9bc0b252726f?auto=format&fit=crop&w=800&q=80,"Natural Skin:#FDE047, Transparent Clear:#F8FAFC, Obsidian Black:#1C1C1C"
We-Vibe Pivot High-Intensity Wireless Cock Ring,cock-rings,Vibrating Cock Rings,799,1049,24% OFF,App Controlled,30,Wide silicone band with powerful rumbles controlled via We-Connect app,Features a wide comfort-fit silicone band that maintains firm erections while a pivoting vibrating head stimulates the clitoris with deep customizable rumbles.,< 24 dB,Silky Soft-Touch Silicone,120 min Magnetic USB Charge,100% Waterproof,10 Modes + Smartphone App Control,https://images.unsplash.com/photo-1605100804763-247f67b3557e?auto=format&fit=crop&w=800&q=80;https://images.unsplash.com/photo-1518895949257-7621c3c786d7?auto=format&fit=crop&w=800&q=80,"Emerald Green:#047857, Deep Slate:#1E293B"
Svakom Tyler Remote-Controlled Vibrating Cock Ring,cock-rings,Vibrating Cock Rings,749,949,21% OFF,Long-Distance Play,35,Wireless partner remote & app-enabled dual stimulation ring,Ergonomic vibrating ring equipped with a wireless handheld remote and internet long-distance connection via smartphone for thrilling partner play anywhere.,< 26 dB,Medical-Grade Liquid Silicone,90 min Fast USB Charge,IPX7 Waterproof,5 Speeds + 5 Vibration Rhythms,https://images.unsplash.com/photo-1605100804763-247f67b3557e?auto=format&fit=crop&w=800&q=80;https://images.unsplash.com/photo-1544816155-12df9643f363?auto=format&fit=crop&w=800&q=80,"Jet Black:#18181B, Rose Gold:#B76E79"
The Tri-Lock Triple Loop Silicone Cock Ring,cock-rings,Stretchy Silicone Rings,599,799,25% OFF,Triple Lockdown,60,"3 connected rings secure shaft base, testicles, and scrotum separately","Triple-loop constriction harness that isolates and supports the shaft base, perineum, and scrotal sac for extreme firmness, stamina, and fullness.",Silent,High-Elasticity Medical Silicone,Non-electric,100% Submersible,3-Point Anatomical Support,https://images.unsplash.com/photo-1605100804763-247f67b3557e?auto=format&fit=crop&w=800&q=80;https://images.unsplash.com/photo-1550745165-9bc0b252726f?auto=format&fit=crop&w=800&q=80,"Matte Black:#1C1C1C, Royal Blue:#1E40AF"
The Magnetic Heavyweight Ball Stretcher Ring,cock-rings,Metal Cock Rings,699,899,22% OFF,Heavyweight Fit,30,Precision magnetic clasp ring for comfortable scrotal elongation,Crafted with neodymium magnetic locking pins for easy one-handed placement and smooth heavyweight scrotal restriction.,Silent,316L Surgical Stainless Steel & Neodymium Magnets,Non-electric,100% Waterproof,Magnetic Quick-Lock,https://images.unsplash.com/photo-1550745165-9bc0b252726f?auto=format&fit=crop&w=800&q=80;https://images.unsplash.com/photo-1605100804763-247f67b3557e?auto=format&fit=crop&w=800&q=80,Mirror Chrome:#E2E8F0
The Pleasure-Nodule Vibrating Partner Cock Ring,cock-rings,Vibrating Cock Rings,649,849,24% OFF,Dual Sensation,55,Features flexible silicone ticklers that massage partner with every thrust,Stretchy silicone constriction band crowned with a flexible vibrating tickler that directly massages the clitoris or G-spot during penetration.,< 27 dB,Silky Soft Silicone,60 min USB Fast Charge,IPX7 Waterproof,7 Sensation Patterns,https://images.unsplash.com/photo-1605100804763-247f67b3557e?auto=format&fit=crop&w=800&q=80;https://images.unsplash.com/photo-1518895949257-7621c3c786d7?auto=format&fit=crop&w=800&q=80,"Velvet Rose:#B56571, Midnight Onyx:#1C1C1C"
The Artisan Leather Buckle Adjustable Cock Ring,cock-rings,Metal Cock Rings,649,849,24% OFF,Artisanal Leather,45,Handcrafted full-grain leather strap with adjustable steel roller buckle,Soft padded leather band with steel buckle holes that allows precise micro-adjustments for your customized tightness and comfort.,Silent,Full-Grain Bridle Leather & Steel Hardware,Non-electric,Wipe Clean,6 Adjustable Size Holes,https://images.unsplash.com/photo-1550745165-9bc0b252726f?auto=format&fit=crop&w=800&q=80;https://images.unsplash.com/photo-1605100804763-247f67b3557e?auto=format&fit=crop&w=800&q=80,"Obsidian Black:#18181B, Cognac Brown:#78350F"
The Crown-Lock Glans & Shaft Delay Ring,cock-rings,Stretchy Silicone Rings,599,799,25% OFF,Delay Focus,80,Sits comfortably below the glans crown to desensitize & prolong sessions,"Snug contoured silicone band designed to sit immediately below the corona ridge, moderating over-sensitivity and maximizing stamina.",Silent,100% Medical Platinum Silicone,Non-electric,100% Waterproof,Corona Delay Grip,https://images.unsplash.com/photo-1605100804763-247f67b3557e?auto=format&fit=crop&w=800&q=80;https://images.unsplash.com/photo-1584308666744-24d5c474f2ae?auto=format&fit=crop&w=800&q=80,"Stealth Smoke:#334155, Midnight Black:#1C1C1C"
The Empress Womanizer Air-Pulse Clitoral Massager,air-pressure-suction,Womanizer Air-Wave,899,1149,22% OFF,Iconic Tech,25,Uses compressed air waves for touchless clitoral climax,"Patented Pleasure Air technology envelops the clitoris in pulsating waves of air pressure without direct friction, leading to rapid multiple orgasms.",< 27 dB (Whisper Quiet),100% Medical Liquid Silicone,120 min Magnetic USB,IPX7 Submersible,12 Intensity Levels + Smart Silence,https://images.unsplash.com/photo-1544816155-12df9643f363?auto=format&fit=crop&w=800&q=80;https://images.unsplash.com/photo-1518895949257-7621c3c786d7?auto=format&fit=crop&w=800&q=80,"Rose Gold:#B76E79, Pure White:#FFFFFF"
The Rose Petal Pulsating Suction Clitoral Cup,air-pressure-suction,Womanizer Air-Wave,699,899,22% OFF,Viral Sensation,70,Sculpted like an elegant blooming rose with vacuum oral suction,"Discreet rose-shaped silicone cup that forms an airtight seal around the clitoris, stimulating with fluttering suction pulses that simulate oral tongue flutter.",< 28 dB,Silky Velvet Silicone,90 min USB Rechargeable,IPX7 Waterproof,10 Sucking & Fluttering Speeds,https://images.unsplash.com/photo-1518895949257-7621c3c786d7?auto=format&fit=crop&w=800&q=80;https://images.unsplash.com/photo-1544816155-12df9643f363?auto=format&fit=crop&w=800&q=80,"Crimson Rose:#BE123C, Pastel Pink:#FDA4AF, Midnight Black:#1C1C1C"
Magic Box 2-in-1 Silicone Tongue Licker + Air Suction,air-pressure-suction,Womanizer Air-Wave,749,949,21% OFF,Dual Sensory,45,Rapid silicone oral tongue licking motion + touchless vacuum air pulses,Dual sensory innovation combining rapid flexible silicone tongue licking motion with touchless vacuum air pulses for instant climactic release.,< 28 dB,100% Medical Grade Silicone,Wireless Fast Charging Dock,IPX7 100% Waterproof,7 Licking Modes + 7 Suction Intensities,https://images.unsplash.com/photo-1507679799987-c73779587ccf?auto=format&fit=crop&w=800&q=80;https://images.unsplash.com/photo-1544816155-12df9643f363?auto=format&fit=crop&w=800&q=80,"Pastel Rose:#F0B8BE, Midnight Onyx:#1C1C1C"
Satisfyer Pro 2 Generation 3 Sonic Air-Wave Stimulator,air-pressure-suction,Womanizer Air-Wave,749,949,21% OFF,Global Best Seller,55,Air Pulse technology with Liquid Air vibration cap and app connectivity,Features two interchangeable caps (including ultra-thin silicone Liquid Air cap) and 11 touchless air-wave programs customizable via Bluetooth app.,< 26 dB,Soft-Touch Silicone & Metallic Shell,120 min Magnetic USB,IPX7 100% Submersible,11 Air-Pulse Programs + 12 Vibration Settings,https://images.unsplash.com/photo-1544816155-12df9643f363?auto=format&fit=crop&w=800&q=80;https://images.unsplash.com/photo-1518895949257-7621c3c786d7?auto=format&fit=crop&w=800&q=80,"Rose Gold Metallic:#E0A899, Matte Burgundy:#881337"
LELO Sona 2 Cruise Sonic Clitoral Massager,air-pressure-suction,Womanizer Air-Wave,949,1249,24% OFF,Sonic Technology,20,Sonic waves that resonate through 75% more of the internal clitoral structure,"Cruise Control technology prevents power drop during firm pressure, sending deep sonic acoustic waves throughout the entire internal clitoral network.",< 26 dB,Ultra-Smooth Medical Silicone & ABS,120 min USB Fast Charge,100% Waterproof,8 Sonic Sensation Patterns,https://images.unsplash.com/photo-1544816155-12df9643f363?auto=format&fit=crop&w=800&q=80;https://images.unsplash.com/photo-1507679799987-c73779587ccf?auto=format&fit=crop&w=800&q=80,"Midnight Black:#1C1C1C, Cerise Pink:#EC4899"
Womanizer Premium Eco Biodegradable Air-Pulse,air-pressure-suction,Womanizer Air-Wave,949,1249,24% OFF,Eco Luxury,15,Crafted with renewable Biolene biodegradable material & Smart Silence,"Eco-conscious sensual luxury engineered with renewable Biolene, Smart Silence contact sensor, and 12 Pleasure Air touchless pressure intensities.",< 25 dB,Biodegradable Biolene & Medical Silicone,240 min Magnetic Charging,IPX7 Waterproof,12 Pleasure Air Intensities + Smart Silence,https://images.unsplash.com/photo-1518895949257-7621c3c786d7?auto=format&fit=crop&w=800&q=80;https://images.unsplash.com/photo-1544816155-12df9643f363?auto=format&fit=crop&w=800&q=80,"Terracotta Earth:#9A3412, Natural Sand:#FDE68A"
The Dual-End Vacuum Air Suction + G-Spot Wand,air-pressure-suction,Womanizer Air-Wave,749,949,21% OFF,Dual Stimulation,35,Touchless air suction on one end + insertable G-spot vibrator on other,Two toys in one: an air-pulse suction nozzle on one end and a curved insertable G-spot vibrator on the other with independent dual-button controls.,< 29 dB,100% Platinum Silicone,100 min USB Charge,IPX7 Waterproof,10 Suction Modes + 10 Vibration Modes,https://images.unsplash.com/photo-1518895949257-7621c3c786d7?auto=format&fit=crop&w=800&q=80;https://images.unsplash.com/photo-1544816155-12df9643f363?auto=format&fit=crop&w=800&q=80,"Mulberry Plum:#581C87, Blush Rose:#B76E79"
The Tulip Blossom Touchless Clitoral Sucker,air-pressure-suction,Womanizer Air-Wave,649,849,24% OFF,Petal Design,60,Sculpted tulip petals with ultra-soft silicone vacuum cup,Delicate floral aesthetic containing a high-frequency pneumatic air-pulse engine that creates fluttering rhythmic oral suction.,< 27 dB,Soft Medical Silicone,90 min USB Magnetic,IPX7 100% Submersible,8 Pulsating Air Speeds,https://images.unsplash.com/photo-1544816155-12df9643f363?auto=format&fit=crop&w=800&q=80;https://images.unsplash.com/photo-1518895949257-7621c3c786d7?auto=format&fit=crop&w=800&q=80,"Velvet Fuchsia:#A21CAF, Pale Coral:#FB7185"
The Precision Air-Wave Multi-Nozzle Massager,air-pressure-suction,Womanizer Air-Wave,4599,5999,23% OFF,Custom Fit,40,"Includes 3 interchangeable silicone suction cups (Petite, Medium, Broad)",Comes equipped with 3 interchangeable ergonomic silicone suction heads to fit all body anatomies and focus airflow for customized sensation.,< 28 dB,Silicone & Electroplated Trim,120 min USB Fast Charge,IPX7 Waterproof,10 Pulse Frequencies,https://images.unsplash.com/photo-1518895949257-7621c3c786d7?auto=format&fit=crop&w=800&q=80;https://images.unsplash.com/photo-1544816155-12df9643f363?auto=format&fit=crop&w=800&q=80,"Rose Gold Obsidian:#1C1C1C, Pearl Ivory:#FFFBEB"
The Ergonomic Palm-Fit Touchless Sonic Stimulator,air-pressure-suction,Womanizer Air-Wave,3999,5299,24% OFF,Palm Grip,48,Smooth curved pebble shape designed for intuitive in-palm guidance,"Contours seamlessly into the palm with a centered thumb control pad, allowing natural touchless air suction placement.",< 27 dB,Velvet Touch Medical Silicone,100 min USB Charge,IPX7 Waterproof,9 Air-Pulse Intensities,https://images.unsplash.com/photo-1544816155-12df9643f363?auto=format&fit=crop&w=800&q=80;https://images.unsplash.com/photo-1584308666744-24d5c474f2ae?auto=format&fit=crop&w=800&q=80,"Slate Onyx:#1E293B, Blossom Lavender:#C084FC"
The Aqua-Pulse In-Shower Clitoral Vacuum Toy,air-pressure-suction,Womanizer Air-Wave,3799,4999,24% OFF,Bath & Shower,50,Engineered for warm bath & shower water play with IPX8 rating,Fully submersible IPX8 waterproof air-pulse toy that creates swirling hydrostatic water currents when used in warm baths for novel sensations.,< 26 dB,Hydrophobic Liquid Silicone,90 min Magnetic USB,IPX8 100% Submersible,10 Hydro-Pulse Speeds,https://images.unsplash.com/photo-1518895949257-7621c3c786d7?auto=format&fit=crop&w=800&q=80;https://images.unsplash.com/photo-1544816155-12df9643f363?auto=format&fit=crop&w=800&q=80,"Aqua Marine:#06B6D4, Dusky Rose:#B56571"
The Ultra-Discreet Compact Air-Suction Pebble,air-pressure-suction,Womanizer Air-Wave,649,849,24% OFF,Pocket Travel,65,Miniature pocket air-pulse toy with travel lock & hygienic cap,"Ultra-portable pocket pebble featuring a magnetic travel cover cap, zero-sound travel lock, and surprising air-pulse intensity.",< 25 dB,Medical Silicone & Magnetic Cap,80 min USB Charge,IPX7 Waterproof,8 Air Wave Modes,https://images.unsplash.com/photo-1544816155-12df9643f363?auto=format&fit=crop&w=800&q=80;https://images.unsplash.com/photo-1518895949257-7621c3c786d7?auto=format&fit=crop&w=800&q=80,"Rose Gold:#B76E79, Matte Onyx:#1C1C1C"
The Electra High-Frequency Violet Wand Electro-Kit,bdsm-kink,Violet Wands,849,1099,23% OFF,Electrifying Tech,18,High-frequency glass electrode for tingling electrical chills,Professional high-frequency Tesla electro-stimulation wand with 4 specialized glass electrodes that emit crackling blue-violet sparks for sensory thrills.,Crackling Spark Arc,Insulated Bakelite & Borosilicate Gas Tubes,AC Mains Powered / Adjustable Dial,Keep Dry,Continuous Dial Voltage (10kV - 45kV),https://images.unsplash.com/photo-1550745165-9bc0b252726f?auto=format&fit=crop&w=800&q=80;https://images.unsplash.com/photo-1544816155-12df9643f363?auto=format&fit=crop&w=800&q=80,"Midnight Onyx:#1C1C1C, Violet Aura:#5A189A"
The Sovereign Handcrafted Genuine Leather Restraints Set,bdsm-kink,Leather Restraints,749,949,21% OFF,Handmade Leather,35,Padded wrist & ankle cuffs with quick-release metal clasps,Handcrafted from full-grain vegetable-tanned bridle leather lined with ultra-soft shearling fur for comfortable secure restraint play.,Silent,"Full-Grain Leather, Shearling Fur & Steel D-Rings",Non-electric,Wipe Clean,Adjustable Buckle Sizing with 4 Cuffs,https://images.unsplash.com/photo-1550745165-9bc0b252726f?auto=format&fit=crop&w=800&q=80;https://images.unsplash.com/photo-1507679799987-c73779587ccf?auto=format&fit=crop&w=800&q=80,"Obsidian Black:#1C1C1C, Cognac Burgundy:#5B1323"
The Obsidian Velvet Leather Flogger & Multi-Tassel Crop,bdsm-kink,Floggers & Crops,699,899,22% OFF,Sensory Thud,45,40 weighted soft leather tails for rhythmic sensory impact play,Features 40 premium suede and full-grain leather falls mounted to a braided leather handle that delivers thrilling thuddy sensory feedback.,Sensory Thud,Soft Genuine Leather & Braided Handle,Non-electric,Wipe Clean,Variable Impact Swings (40 Tails),https://images.unsplash.com/photo-1550745165-9bc0b252726f?auto=format&fit=crop&w=800&q=80;https://images.unsplash.com/photo-1518895949257-7621c3c786d7?auto=format&fit=crop&w=800&q=80,"Midnight Onyx:#1C1C1C, Crimson Wine:#7F1D1D"
The Ergonomic Silicone Ball Gag with Breathable Air Channels,bdsm-kink,Leather Restraints,599,799,25% OFF,Safe Airflow,55,Hygienic silicone ball with perforated center air tube & leather strap,"Engineered for comfort and safety with medical-grade silicone containing central air holes for easy natural breathing, secured by an adjustable buckle.",Muffled,100% Medical Silicone & Leather Strap,Non-electric,100% Washable Ball,Adjustable Buckle (38-55cm),https://images.unsplash.com/photo-1550745165-9bc0b252726f?auto=format&fit=crop&w=800&q=80;https://images.unsplash.com/photo-1584308666744-24d5c474f2ae?auto=format&fit=crop&w=800&q=80,"Matte Black:#1C1C1C, Rose Carmine:#9F1239"
The Silk Satin Blindfold & Sensory Restraint Tie,bdsm-kink,Leather Restraints,599,799,25% OFF,Sensory Deprivation,90,Double-layered mulberry silk for 100% light blackout & heightened touch,"Padded double-layered 100% mulberry silk blindfold that blocks out all ambient light to dramatically heighten hearing, touch, and sensual anticipation.",Silent,100% Natural Mulberry Silk & Cotton Padding,Non-electric,Hand Washable,Sensory Light Deprivation (Tie-on Fit),https://images.unsplash.com/photo-1518895949257-7621c3c786d7?auto=format&fit=crop&w=800&q=80;https://images.unsplash.com/photo-1544816155-12df9643f363?auto=format&fit=crop&w=800&q=80,"Obsidian Velvet:#1C1C1C, Champagne Rose:#B76E79"
The Weighted Stainless Steel Nipple Clamps with Chain,bdsm-kink,Leather Restraints,649,849,24% OFF,Pinch & Pull,50,Adjustable tension rubber-tipped alligator clamps linked by steel chain,Pair of stainless steel alligator clamps with protective silicone tips and knurled tension screws that allow exact calibration from gentle pressure to firm pinch.,Clinking Chain,Stainless Steel & Silicone Protectors,Non-electric,100% Submersible,Micrometer Screw Tension Tuning,https://images.unsplash.com/photo-1550745165-9bc0b252726f?auto=format&fit=crop&w=800&q=80;https://images.unsplash.com/photo-1584308666744-24d5c474f2ae?auto=format&fit=crop&w=800&q=80,"Polished Silver:#E2E8F0, Rose Gold:#B76E79"
The Premium Shibari 100% Natural Cotton Rope Set (3x10m),bdsm-kink,Leather Restraints,649,849,24% OFF,Japanese Shibari,60,3 bundles of 6mm triple-braided untreated soft Japanese bondage rope,Triple-braided natural Japanese cotton rope treated with organic jojoba and beeswax for buttery smooth skin glide without rope burn.,Silent,100% Natural Cotton & Beeswax Treatment,Non-electric,Keep Dry,3 x 10m Lengths (6mm Diameter),https://images.unsplash.com/photo-1550745165-9bc0b252726f?auto=format&fit=crop&w=800&q=80;https://images.unsplash.com/photo-1518895949257-7621c3c786d7?auto=format&fit=crop&w=800&q=80,"Natural Cream:#FEF08A, Crimson Red:#DC2626, Jet Black:#18181B"
The Dual-Sided Leather Spanking Paddle,bdsm-kink,Floggers & Crops,649,849,24% OFF,Sting & Thud,40,Smooth firm leather on one side and soft suede on the other,Solid wooden core reinforced with double-layered leather. Features smooth glossy leather on one side for sharp sting and soft velvety suede on the other for warm thud.,Sensory Slap,"Genuine Leather, Soft Suede & Solid Core",Non-electric,Wipe Clean,Dual-Sided Impact (Sting / Thud),https://images.unsplash.com/photo-1550745165-9bc0b252726f?auto=format&fit=crop&w=800&q=80;https://images.unsplash.com/photo-1507679799987-c73779587ccf?auto=format&fit=crop&w=800&q=80,"Obsidian Black:#1C1C1C, Oxblood Burgundy:#881337"
The Universal Under-Bed Discreet Bondage Restraint System,bdsm-kink,Leather Restraints,699,899,22% OFF,Travel Friendly,45,Straps slide invisibly under any mattress with 4 adjustable padded cuffs,"Fully adjustable cross-straps that fit securely under any mattress (King, Queen, Single) with 4 quick-clip padded wrist and ankle restraints.",Silent,High-Tensile Nylon & Neoprene Cuffs,Non-electric,Washable Straps,Universal Mattress Fit (4 Limb Points),https://images.unsplash.com/photo-1550745165-9bc0b252726f?auto=format&fit=crop&w=800&q=80;https://images.unsplash.com/photo-1518895949257-7621c3c786d7?auto=format&fit=crop&w=800&q=80,Stealth Black:#18181B
The Sensory Feather Tickler & Wartenberg Neuro-Pinwheel Kit,bdsm-kink,Floggers & Crops,599,799,25% OFF,Sensory Contrast,65,Pair containing ultra-soft ostrich feather wand + stainless pinwheel,Explore the thrill of temperature and sensation contrast with an ultra-soft natural feather tickler paired with a medical stainless steel Wartenberg pinwheel.,Whisper Soft,"Natural Feathers, Acrylic Handle & Stainless Pinwheel",Non-electric,Keep Dry,Sensory Contrast Nerve Play,https://images.unsplash.com/photo-1550745165-9bc0b252726f?auto=format&fit=crop&w=800&q=80;https://images.unsplash.com/photo-1544816155-12df9643f363?auto=format&fit=crop&w=800&q=80,"Midnight Black:#1C1C1C, Pearl White:#F8FAFC"
The Velvet Botanical 100% Organic Water-Based Lubricant (150ml),lubricants-care,Water-Based Lubes,549,699,21% OFF,100% Organic,120,"Infused with Aloe Vera, Chamomile & Hyaluronic Acid for lasting glide","Ultra-pure, pH-balanced 100% water-based formula that mimics natural moisture with zero stickiness, stains, or synthetic parabens. Safe for all silicone toys.",Silent,"Purified Water, Aloe Vera, Hyaluronic Acid",Non-electric,100% Water Soluble & Condom Safe,Long-Lasting Silk Glide (150ml Pump),https://images.unsplash.com/photo-1556228720-195a672e8a03?auto=format&fit=crop&w=800&q=80;https://images.unsplash.com/photo-1544816155-12df9643f363?auto=format&fit=crop&w=800&q=80,Clear Pump Bottle:#FFFFFF
The Silk-Glide Long-Lasting Silicone Hybrid Lubricant (100ml),lubricants-care,Silicone Lubes,1599,2199,27% OFF,Waterproof Glide,90,Ultra-concentrated hybrid formula designed for shower & bath sessions,"High-viscosity hybrid formula that never dissolves or evaporates in water, delivering an unbeatably smooth cushion for long-lasting shower and bath intimacy.",Silent,Medical-Grade Dimethicone & Botanical Silk,Non-electric,100% Water Resistant Formula,Shower & Anal Compatible (100ml),https://images.unsplash.com/photo-1556228720-195a672e8a03?auto=format&fit=crop&w=800&q=80;https://images.unsplash.com/photo-1507679799987-c73779587ccf?auto=format&fit=crop&w=800&q=80,Frosted Glass Bottle:#E2E8F0
The Sensual Warming & Tingling Botanical Arousal Gel (50ml),lubricants-care,Arousal Gels,1499,1999,25% OFF,Arousal Booster,80,Natural ginger & peppermint extracts that stimulate localized blood flow,A single drop triggers a pleasurable warming rush followed by pulsating tingling sensations that heighten sensitivity and accelerate climax.,Silent,"Natural Ginger, Mentha Piperita & L-Arginine",Non-electric,Washable,Localized Micro-Circulation Enhancement,https://images.unsplash.com/photo-1556228720-195a672e8a03?auto=format&fit=crop&w=800&q=80;https://images.unsplash.com/photo-1518895949257-7621c3c786d7?auto=format&fit=crop&w=800&q=80,Amber Glass Dropper:#D97706
The Pure-Clean Antibacterial Toy Cleaning Mist (120ml),lubricants-care,Care & Cleaning,999,1499,33% OFF,Hygiene Essential,150,Alcohol-free & bleach-free antibacterial spray safe for silicone & glass,"Fast-acting sanitizing spray that eliminates 99.9% of bacteria within 60 seconds while preserving the silky finish of medical silicone, glass, and cyber-skin.",Silent Spray,"Tea Tree Extract, Zinc Ricinoleate, Purified Aqua",Non-electric,Liquid Spray,60-Second Sanitization Mist,https://images.unsplash.com/photo-1556228720-195a672e8a03?auto=format&fit=crop&w=800&q=80;https://images.unsplash.com/photo-1584308666744-24d5c474f2ae?auto=format&fit=crop&w=800&q=80,Frosted Spray Bottle:#F8FAFC
The Soothing Jojoba & Sweet Almond Intimate Massage Oil (200ml),lubricants-care,Massage Oils,1699,2299,26% OFF,Full Body Wellness,70,"Cold-pressed Jojoba, Sweet Almond & Lavender for relaxing sensual touch","Non-greasy, fast-absorbing botanical oil blend infused with pure French lavender and vitamin E that melts tension and deeply nourishes skin.",Silent,"Cold-Pressed Jojoba Oil, Sweet Almond Oil, Lavender EO",Non-electric,Oil Formula,Sensual Full-Body Touch & Gliding Massage,https://images.unsplash.com/photo-1556228720-195a672e8a03?auto=format&fit=crop&w=800&q=80;https://images.unsplash.com/photo-1544816155-12df9643f363?auto=format&fit=crop&w=800&q=80,Amber Glass Bottle:#B45309
The Anti-Friction Desensitizing Stamina Delay Spray for Men (30ml),lubricants-care,Arousal Gels,1899,2599,27% OFF,Endurance Pro,85,Micro-dosed clove & lidocaine complex that prolongs endurance up to 3x,"Fast-absorbing, non-transfer desensitizing spray that prolongs lovemaking without numbing partner sensation. Delivers peak confidence and staying power.",Silent Spray,"Clove Oil, Laureth-9, Panax Ginseng Extract",Non-electric,Quick Absorbing,Metred Dose Pump (30ml / 60 Applications),https://images.unsplash.com/photo-1556228720-195a672e8a03?auto=format&fit=crop&w=800&q=80;https://images.unsplash.com/photo-1507679799987-c73779587ccf?auto=format&fit=crop&w=800&q=80,Matte Gunmetal Bottle:#1E293B