"Title","Department_Category","Subcategory","Selling_Price_INR","Original_Price_INR","Discount_Tag","Badge_Tag","Stock_Units","Subtitle","Description","Sound_Level","Material","Battery_Life","Waterproof_Rating","Modes_Count","Image_URLs_Semicolon_Separated","Colors_Name_Hex_Pairs"
"Aoonice AI-Sync Clitoral Air-Pulse & Pussy Pump Vibrator","air-pressure-suction","Womanizer Air-Wave",4999,6999,"28% OFF","AI Pleasure Sync",50,"AI-synchronized touchless air-pulse suction and clitoral vacuum pump","Engineered with responsive AI-sync technology that adapts pulsation rhythms to natural arousal cues. Combines targeted touchless air-pulse clitoral resonance with gentle vacuum suction for deep, multi-layered orgasms.","< 28 dB (Whisper Silent)","100% US FDA-Grade Liquid Silicone & Rose Gold ABS Alloy","120 min Runtime / Magnetic USB Fast Charge","IPX7 100% Submersible","10 Sensation Frequencies + Intelligent AI Sync Mode","/product-images/Aoonice Sucking Vibrator AI Sync Sex Toys for Women, Clit Sucker Pussy Pump_0.jpg;/product-images/Aoonice Sucking Vibrator AI Sync Sex Toys for Women, Clit Sucker Pussy Pump_1.jpg;/product-images/Aoonice Sucking Vibrator AI Sync Sex Toys for Women, Clit Sucker Pussy Pump_2.jpg;/product-images/Aoonice Sucking Vibrator AI Sync Sex Toys for Women, Clit Sucker Pussy Pump_3.jpg;/product-images/Aoonice Sucking Vibrator AI Sync Sex Toys for Women, Clit Sucker Pussy Pump_4.jpg","Velvet Rose:#B56571,Obsidian Onyx:#1C1C1C,Pearl Blush:#F0B8BE"
"Arcwave Ion Air-Pulse Pleasure Glans Stroker","male-masturbators","Automatic Strokers",16999,20999,"19% OFF","Revolutionary Tech",16,"Pleasure Air suction technology targeted directly at the penile glans","World-first male masturbator using patented Pleasure Air technology to stimulate the sensitive nerve endings of the glans with touchless pulsating airwaves.","< 30 dB","CleanTech Silicone & Smart Base","120 min Wireless Charging Base","IPX7 Waterproof","8 Sonic Air-Pulse Intensities + Smart Twist","/product-images/Arcwave Ion Air-Pulse Pleasure Glans Stroker_0.jpg;/product-images/Arcwave Ion Air-Pulse Pleasure Glans Stroker_1.jpg;/product-images/Arcwave Ion Air-Pulse Pleasure Glans Stroker_2.jpg;/product-images/Arcwave Ion Air-Pulse Pleasure Glans Stroker_3.jpg;/product-images/Arcwave Ion Air-Pulse Pleasure Glans Stroker_4.jpg;/product-images/Arcwave Ion Air-Pulse Pleasure Glans Stroker_5.jpg","Velvet Rose:#B76E79,Midnight Onyx:#1C1C1C"
"Eggstacy Wireless Remote Love Egg Pro","vibrators","Egg Vibrators",3499,4999,"30% OFF","Couples Favorite",60,"Kegel strengthening & internal wireless love egg","Smooth waterproof Kegel love egg designed to tone pelvic floor muscles while delivering intense wireless partner-controlled pleasure.","< 26 dB","Body-Safe Liquid Silicone","120 min Runtime","IPX7 100% Waterproof","12 Vibration Frequencies","/product-images/Eggstacy Wireless Remote Love Egg Pro_0.webp;/product-images/Eggstacy Wireless Remote Love Egg Pro_1.webp;/product-images/Eggstacy Wireless Remote Love Egg Pro_2.webp;/product-images/Eggstacy Wireless Remote Love Egg Pro_3.webp","Velvet Rose:#B76E79,Midnight Onyx:#1C1C1C"
"Fun Factory Miss Bi Double G-Spot & Clitoral Toy","vibrators","Rabbit Vibrators",7999,9999,"20% OFF","German Engineering",25,"Curved dual-flex body crafted in Germany for deep fullness","Precision German engineered dual-stimulation toy with a firm curved G-spot arm and ergonomic clitoral resonance paddle that adapts to all body anatomies.","< 29 dB","100% Medical-Grade German Silicone","Magnetic Click 'n' Charge USB","100% Submersible","6 Vibration Speeds + 6 Rhythms","/product-images/Fun Factory Miss Bi Double G-Spot and Clitoral Toy_0.webp;/product-images/Fun Factory Miss Bi Double G-Spot and Clitoral Toy_1.webp;/product-images/Fun Factory Miss Bi Double G-Spot and Clitoral Toy_2.webp;/product-images/Fun Factory Miss Bi Double G-Spot and Clitoral Toy_3.webp;/product-images/Fun Factory Miss Bi Double G-Spot and Clitoral Toy_4.webp","Velvet Rose:#B76E79,Midnight Onyx:#1C1C1C"
"LELO Gigi 2 Targeted G-Spot Stimulator","vibrators","G-Spot Vibrators",9999,12999,"23% OFF","Award Winner",28,"Flattened sculpted tip engineered for pinpoint G-spot pressure","Sculpted with a flattened duckbill-style tip that glides precisely against the G-spot to provide intense focused vibrations with whisper-quiet motor.","< 28 dB","Silky Smooth Medical Silicone & ABS","120 min USB Rechargeable","IPX7 Submersible","8 Variable Sensation Speeds","/product-images/LELO Gigi 2 Targeted G-Spot Stimulator_0.webp;/product-images/LELO Gigi 2 Targeted G-Spot Stimulator_1.webp;/product-images/LELO Gigi 2 Targeted G-Spot Stimulator_2.webp;/product-images/LELO Gigi 2 Targeted G-Spot Stimulator_3.webp","Velvet Rose:#B76E79,Midnight Onyx:#1C1C1C"
"LELO Mona Wave Dual-Motor G-Spot Wand","vibrators","G-Spot Vibrators",12499,15999,"22% OFF","Luxury Flagship",35,"WaveMotion technology that mimics the come-hither finger motion","Engineered with patented WaveMotion technology that surges and rolls inside you to mimic the natural come-hither finger motion with dual synchronized rumble motors.","< 25 dB (Ultra Silent)","100% Medical Liquid Silicone & ABS Alloy","120 min Runtime / Magnetic Fast USB","IPX7 100% Waterproof","10 Sensation Speeds & Wave Frequencies","/product-images/LELO Mona Wave Dual-Motor G-Spot Wand_0.webp;/product-images/LELO Mona Wave Dual-Motor G-Spot Wand_1.webp;/product-images/LELO Mona Wave Dual-Motor G-Spot Wand_2.webp;/product-images/LELO Mona Wave Dual-Motor G-Spot Wand_3.webp;/product-images/LELO Mona Wave Dual-Motor G-Spot Wand_4.webp","Velvet Rose:#B76E79,Midnight Onyx:#1C1C1C"
"LELO Sona 2 Cruise Sonic Clitoral Massager","air-pressure-suction","Womanizer Air-Wave",13999,17499,"20% OFF","Sonic Technology",20,"Sonic waves that resonate through 75% more of the internal clitoral structure","Cruise Control technology prevents power drop during firm pressure, sending deep sonic acoustic waves throughout the entire internal clitoral network.","< 26 dB","Ultra-Smooth Medical Silicone & ABS","120 min USB Fast Charge","100% Waterproof","8 Sonic Sensation Patterns","/product-images/LELO Sona 2 Cruise Sonic Clitoral Massager_0.jpg;/product-images/LELO Sona 2 Cruise Sonic Clitoral Massager_1.jpg;/product-images/LELO Sona 2 Cruise Sonic Clitoral Massager_2.jpg","Velvet Rose:#B76E79,Midnight Onyx:#1C1C1C"
"Magic Box 2-in-1 Silicone Tongue Licker + Air Suction","air-pressure-suction","Womanizer Air-Wave",4999,6999,"28% OFF","Dual Sensory",45,"Rapid silicone oral tongue licking motion + touchless vacuum air pulses","Dual sensory innovation combining rapid flexible silicone tongue licking motion with touchless vacuum air pulses for instant climactic release.","< 28 dB","100% Medical Grade Silicone","Wireless Fast Charging Dock","IPX7 100% Waterproof","7 Licking Modes + 7 Suction Intensities","/product-images/Magic Box 2-in-1 Silicone Tongue Licker + Air Suction_0.webp;/product-images/Magic Box 2-in-1 Silicone Tongue Licker + Air Suction_1.webp;/product-images/Magic Box 2-in-1 Silicone Tongue Licker + Air Suction_2.webp;/product-images/Magic Box 2-in-1 Silicone Tongue Licker + Air Suction_3.webp","Velvet Rose:#B76E79,Midnight Onyx:#1C1C1C"
"Satisfyer Double Joy Synchronized Couples Ring","vibrators","Couples Vibrators",4599,5999,"23% OFF","App Enabled",40,"Bluetooth app-controlled ergonomic couple ring","Designed to be shared during intimate partner moments. Enhances partner firmness while delivering intense clitoral vibrations controlled via the Satisfyer Connect app.","< 27 dB","Body-Friendly Liquid Silicone","USB Magnetic Charging","IPX7 Waterproof","10 Preset Modes + Unlimited Custom App Play","/product-images/Satisfyer Double Joy Synchronized Couples Ring_0.webp;/product-images/Satisfyer Double Joy Synchronized Couples Ring_1.webp;/product-images/Satisfyer Double Joy Synchronized Couples Ring_2.webp;/product-images/Satisfyer Double Joy Synchronized Couples Ring_3.webp","Velvet Rose:#B76E79,Midnight Onyx:#1C1C1C"
"Satisfyer Pro 2 Generation 3 Sonic Air-Wave Stimulator","air-pressure-suction","Womanizer Air-Wave",5499,6999,"21% OFF","Global Best Seller",55,"Air Pulse technology with Liquid Air vibration cap and app connectivity","Features two interchangeable caps (including ultra-thin silicone Liquid Air cap) and 11 touchless air-wave programs customizable via Bluetooth app.","< 26 dB","Soft-Touch Silicone & Metallic Shell","120 min Magnetic USB","IPX7 100% Submersible","11 Air-Pulse Programs + 12 Vibration Settings","/product-images/Satisfyer Pro 2 Generation 3 Sonic Air-Wave Stimulator_0.avif;/product-images/Satisfyer Pro 2 Generation 3 Sonic Air-Wave Stimulator_1.avif;/product-images/Satisfyer Pro 2 Generation 3 Sonic Air-Wave Stimulator_2.avif;/product-images/Satisfyer Pro 2 Generation 3 Sonic Air-Wave Stimulator_3.avif;/product-images/Satisfyer Pro 2 Generation 3 Sonic Air-Wave Stimulator_4.avif","Velvet Rose:#B76E79,Midnight Onyx:#1C1C1C"
"Svakom Tanya Ergonomic 38°C Thermal Vibrator","vibrators","G-Spot Vibrators",6999,8999,"22% OFF","Thermal Warmth",32,"Warms up to body temperature (38°C) with dual-motor pulsation","Features intelligent thermal heating that warms the silicone body to realistic human body temperature (38°C) within 3 minutes while delivering dual-point stimulation.","< 30 dB","Medical Soft-Touch Silicone","100 min USB Fast Charge","IPX7 Waterproof","5 Sensation Speeds + 5 Vibration Modes","/product-images/Svakom Tanya Ergonomic 38C Thermal Vibrator_0.webp;/product-images/Svakom Tanya Ergonomic 38C Thermal Vibrator_1.webp;/product-images/Svakom Tanya Ergonomic 38C Thermal Vibrator_2.webp;/product-images/Svakom Tanya Ergonomic 38C Thermal Vibrator_3.webp","Velvet Rose:#B76E79,Midnight Onyx:#1C1C1C"
"Svakom Tyler Remote-Controlled Vibrating Cock Ring","cock-rings","Vibrating Cock Rings",5999,7999,"25% OFF","Long-Distance Play",35,"Wireless partner remote & app-enabled dual stimulation ring","Ergonomic vibrating ring equipped with a wireless handheld remote and internet long-distance connection via smartphone for thrilling partner play anywhere.","< 26 dB","Medical-Grade Liquid Silicone","90 min Fast USB Charge","IPX7 Waterproof","5 Speeds + 5 Vibration Rhythms","/product-images/Svakom Tyler Remote-Controlled Vibrating Cock Ring_0.jpg;/product-images/Svakom Tyler Remote-Controlled Vibrating Cock Ring_1.jpg;/product-images/Svakom Tyler Remote-Controlled Vibrating Cock Ring_2.jpg;/product-images/Svakom Tyler Remote-Controlled Vibrating Cock Ring_3.jpg;/product-images/Svakom Tyler Remote-Controlled Vibrating Cock Ring_4.jpg;/product-images/Svakom Tyler Remote-Controlled Vibrating Cock Ring_5.jpg","Velvet Rose:#B76E79,Midnight Onyx:#1C1C1C"
"Tenga 3D Spiral Geometric Reversible Stroker","male-masturbators","Manual Strokers",2899,3899,"25% OFF","Geometric Art",50,"Turn inside-out to wash & dry, geometric internal spiral ribs","Sculpted silicone sleeve that sits on a sleek vanity display stand. Turns inside out effortlessly for thorough washing and rapid air drying.","Silent","High-Elasticity Medical Polymer","Manual","100% Waterproof","Spiral Texture Grip","/product-images/Tenga 3D Spiral Geometric Reversible Stroker_0.webp;/product-images/Tenga 3D Spiral Geometric Reversible Stroker_1.webp;/product-images/Tenga 3D Spiral Geometric Reversible Stroker_2.webp;/product-images/Tenga 3D Spiral Geometric Reversible Stroker_3.webp;/product-images/Tenga 3D Spiral Geometric Reversible Stroker_4.webp;/product-images/Tenga 3D Spiral Geometric Reversible Stroker_5.webp","Velvet Rose:#B76E79,Midnight Onyx:#1C1C1C"
"Tenga Flip Zero Electronic Pulsing Masturbator","male-masturbators","Automatic Strokers",11999,14999,"20% OFF","Japanese Precision",22,"Dual vibrating cores with flip-open easy-wash design","Iconic Japanese flip-open casing with two high-torque vibrating motors, seamless internal elastomer ribs, and hygienic drying stand.","< 34 dB","Medical Elastomer & ABS Hard Shell","90 min Magnetic USB Charge","100% Waterproof (Washable)","5 Pulsing Speeds + 2 Vibration Cores","/product-images/Tenga Flip Zero Electronic Pulsing Masturbator_0.webp;/product-images/Tenga Flip Zero Electronic Pulsing Masturbator_1.webp;/product-images/Tenga Flip Zero Electronic Pulsing Masturbator_2.webp;/product-images/Tenga Flip Zero Electronic Pulsing Masturbator_3.webp;/product-images/Tenga Flip Zero Electronic Pulsing Masturbator_4.webp;/product-images/Tenga Flip Zero Electronic Pulsing Masturbator_5.webp;/product-images/Tenga Flip Zero Electronic Pulsing Masturbator_6.webp","Velvet Rose:#B76E79,Midnight Onyx:#1C1C1C"
"The Anatomica Dual-Tone Veined Silicone Dildo","dildos-insertables","Realistic Dildos",4599,5899,"22% OFF","Anatomical Precision",36,"Hand-painted dual-tone silicone with pronounced veins & defined head","Features high-definition hand-tinted silicone detailing with realistic anatomical veins, prominent glans flare, and a sturdy suction cup base.","Silent","Medical Platinum Silicone","Manual","100% Submersible","Anatomical Fullness","/product-images/The Anatomica Dual-Tone Veined Silicone Dildo_0.webp;/product-images/The Anatomica Dual-Tone Veined Silicone Dildo_1.webp;/product-images/The Anatomica Dual-Tone Veined Silicone Dildo_2.webp","Velvet Rose:#B76E79,Midnight Onyx:#1C1C1C"
"The Apex Mirror-Polished Stainless Steel Metal Dildo","dildos-insertables","Metal Dildos",6099,7799,"22% OFF","Heavyweight Luxe",20,"Heavy, mirror-polished steel insertable delivering deep fullness","Crafted from solid 316L surgical-grade stainless steel weighing 520g for profound internal pressure, instant temperature responsiveness, and effortless glide.","Silent","316L Surgical Stainless Steel","Manual","100% Submersible","Weighted Pressure Therapy","/product-images/The Apex Mirror-Polished Stainless Steel Metal Dildo_0.webp;/product-images/The Apex Mirror-Polished Stainless Steel Metal Dildo_1.webp;/product-images/The Apex Mirror-Polished Stainless Steel Metal Dildo_2.webp;/product-images/The Apex Mirror-Polished Stainless Steel Metal Dildo_3.webp;/product-images/The Apex Mirror-Polished Stainless Steel Metal Dildo_4.webp","Velvet Rose:#B76E79,Midnight Onyx:#1C1C1C"
"The Artisan Leather Buckle Adjustable Cock Ring","cock-rings","Metal Cock Rings",2399,3199,"25% OFF","Artisanal Leather",45,"Handcrafted full-grain leather strap with adjustable steel roller buckle","Soft padded leather band with steel buckle holes that allows precise micro-adjustments for your customized tightness and comfort.","Silent","Full-Grain Bridle Leather & Steel Hardware","Non-electric","Wipe Clean","6 Adjustable Size Holes","/product-images/The Artisan Leather Buckle Adjustable Cock Ring_0.jpg;/product-images/The Artisan Leather Buckle Adjustable Cock Ring_1.jpg;/product-images/The Artisan Leather Buckle Adjustable Cock Ring_2.jpg;/product-images/The Artisan Leather Buckle Adjustable Cock Ring_3.jpg;/product-images/The Artisan Leather Buckle Adjustable Cock Ring_4.jpg","Velvet Rose:#B76E79,Midnight Onyx:#1C1C1C"
"The Crown-Lock Glans & Shaft Delay Ring","cock-rings","Stretchy Silicone Rings",1799,2399,"25% OFF","Delay Focus",80,"Sits comfortably below the glans crown to desensitize & prolong sessions","Snug contoured silicone band designed to sit immediately below the corona ridge, moderating over-sensitivity and maximizing stamina.","Silent","100% Medical Platinum Silicone","Non-electric","100% Waterproof","Corona Delay Grip","/product-images/The Crown-Lock Glans & Shaft Delay Ring_0.jpg;/product-images/The Crown-Lock Glans & Shaft Delay Ring_1.jpg;/product-images/The Crown-Lock Glans & Shaft Delay Ring_2.jpg;/product-images/The Crown-Lock Glans & Shaft Delay Ring_3.jpg;/product-images/The Crown-Lock Glans & Shaft Delay Ring_4.jpg;/product-images/The Crown-Lock Glans & Shaft Delay Ring_5.jpg","Velvet Rose:#B76E79,Midnight Onyx:#1C1C1C"
"The Crystal Clear Multi-Chamber Ribbed Stroker","male-masturbators","Manual Strokers",2199,2999,"26% OFF","Visual Sensory",60,"Transparent crystal elastomer lets you view every stroke in real time","Transparent high-clarity soft elastomer with alternating ribbed and textured nodules that provides thrilling visual feedback during solo play.","Silent","100% Phthalate-Free Clear Elastomer","Manual","100% Washable","Squeeze & Stroke Friction","/product-images/The Crystal Clear Multi-Chamber Ribbed Stroker_0.jpg;/product-images/The Crystal Clear Multi-Chamber Ribbed Stroker_1.jpg;/product-images/The Crystal Clear Multi-Chamber Ribbed Stroker_2.webp;/product-images/The Crystal Clear Multi-Chamber Ribbed Stroker_3.webp;/product-images/The Crystal Clear Multi-Chamber Ribbed Stroker_4.webp;/product-images/The Crystal Clear Multi-Chamber Ribbed Stroker_5.webp;/product-images/The Crystal Clear Multi-Chamber Ribbed Stroker_6.webp","Velvet Rose:#B76E79,Midnight Onyx:#1C1C1C"
"The Crystal Swirl Dual-End Glass Sensation Wand","dildos-insertables","Glass Dildos",4999,6499,"23% OFF","Artisanal Glass",28,"Dual-ended glass toy with beaded tip on one side & bulb on other","Handcrafted borosilicate crystal featuring two distinct ends: a textured ribbed bulb on one end for G-spot pressure and graduated beads on the other.","Silent","Borosilicate Crystal Glass","Manual","100% Boilable","Dual-Ended Sensation Options","/product-images/The Crystal Swirl Dual-End Glass Sensation Wand_0.webp;/product-images/The Crystal Swirl Dual-End Glass Sensation Wand_1.webp;/product-images/The Crystal Swirl Dual-End Glass Sensation Wand_2.webp","Velvet Rose:#B76E79,Midnight Onyx:#1C1C1C"
"The Double-Lock Shaft & Ball Stretchy Cock Ring","cock-rings","Stretchy Silicone Rings",1899,2499,"24% OFF","Stamina Essential",90,"Figure-8 dual-loop ring for maximum erection firmness and stamina delay","Ergonomic Figure-8 loop engineered from ultra-elastic velvety silicone. Locks firmly around both the shaft base and testicles for enhanced size and prolonged climax.","Completely Silent","Premium Velvet Silicone","Non-electric","100% Waterproof","Anatomical Ergonomic Dual-Lock","/product-images/The Double-Lock Shaft & Ball Stretchy Cock Ring_0.webp;/product-images/The Double-Lock Shaft & Ball Stretchy Cock Ring_1.webp;/product-images/The Double-Lock Shaft & Ball Stretchy Cock Ring_2.webp;/product-images/The Double-Lock Shaft & Ball Stretchy Cock Ring_3.webp","Velvet Rose:#B76E79,Midnight Onyx:#1C1C1C"
"The Dual-End Vacuum Air Suction + G-Spot Wand","air-pressure-suction","Womanizer Air-Wave",6499,8499,"23% OFF","Dual Stimulation",35,"Touchless air suction on one end + insertable G-spot vibrator on other","Two toys in one: an air-pulse suction nozzle on one end and a curved insertable G-spot vibrator on the other with independent dual-button controls.","< 29 dB","100% Platinum Silicone","100 min USB Charge","IPX7 Waterproof","10 Suction Modes + 10 Vibration Modes","/product-images/The Dual-End Vacuum Air Suction + G-Spot Wand_0.webp;/product-images/The Dual-End Vacuum Air Suction + G-Spot Wand_1.webp;/product-images/The Dual-End Vacuum Air Suction + G-Spot Wand_2.webp;/product-images/The Dual-End Vacuum Air Suction + G-Spot Wand_3.webp;/product-images/The Dual-End Vacuum Air Suction + G-Spot Wand_4.webp","Velvet Rose:#B76E79,Midnight Onyx:#1C1C1C"
"The Dual-Sensation Rabbit Vibrator Pro","vibrators","Rabbit Vibrators",6499,8099,"20% OFF","Best Seller",45,"Shaft for internal G-spot + clitoral bunny-ear stimulator","Features a contoured anatomical shaft for internal G-spot massage and a flexible external bunny-ear arm delivering synchronized dual orgasms.","< 30 dB","100% Medical Liquid Silicone","120 min USB Magnetic Runtime","IPX7 Waterproof","12 Dual-Motor Sensation Patterns","/product-images/The Dual-Sensation Rabbit Vibrator Pro_0.webp;/product-images/The Dual-Sensation Rabbit Vibrator Pro_1.webp;/product-images/The Dual-Sensation Rabbit Vibrator Pro_2.webp;/product-images/The Dual-Sensation Rabbit Vibrator Pro_3.webp","Velvet Rose:#B76E79,Midnight Onyx:#1C1C1C"
"The Dual-Sided Leather Spanking Paddle","bdsm-kink","Floggers & Crops",2999,3899,"23% OFF","Sting & Thud",40,"Smooth firm leather on one side and soft suede on the other","Solid wooden core reinforced with double-layered leather. Features smooth glossy leather on one side for sharp sting and soft velvety suede on the other for warm thud.","Sensory Slap","Genuine Leather, Soft Suede & Solid Core","Non-electric","Wipe Clean","Dual-Sided Impact (Sting / Thud)","/product-images/The Dual-Sided Leather Spanking Paddle_0.jpg;/product-images/The Dual-Sided Leather Spanking Paddle_1.jpg;/product-images/The Dual-Sided Leather Spanking Paddle_2.jpg;/product-images/The Dual-Sided Leather Spanking Paddle_3.jpg","Velvet Rose:#B76E79,Midnight Onyx:#1C1C1C"
"The Eclipse Dual Resonance Vibrating Cock Ring","cock-rings","Vibrating Cock Rings",4499,5599,"20% OFF","Couples Top Choice",50,"Restricts blood flow for stamina + buzzing vibrations","Restricts blood flow to prolong stamina while delivering powerful direct clitoral stimulation with twin micro-vibration motors.","< 25 dB","Stretch-Flex Liquid Silicone","75 min Magnetic USB","IPX8 100% Submersible","10 Synchronized Modes","/product-images/The Eclipse Dual Resonance Vibrating Cock Ring_0.jpg;/product-images/The Eclipse Dual Resonance Vibrating Cock Ring_1.jpg;/product-images/The Eclipse Dual Resonance Vibrating Cock Ring_2.jpg","Velvet Rose:#B76E79,Midnight Onyx:#1C1C1C"
"The Electra High-Frequency Violet Wand Electro-Kit","bdsm-kink","Violet Wands",9999,12999,"23% OFF","Electrifying Tech",18,"High-frequency glass electrode for tingling electrical chills","Professional high-frequency Tesla electro-stimulation wand with 4 specialized glass electrodes that emit crackling blue-violet sparks for sensory thrills.","Crackling Spark Arc","Insulated Bakelite & Borosilicate Gas Tubes","AC Mains Powered / Adjustable Dial","Keep Dry","Continuous Dial Voltage (10kV - 45kV)","/product-images/The Electra High-Frequency Violet Wand Electro-Kit_0.jpg;/product-images/The Electra High-Frequency Violet Wand Electro-Kit_1.jpg;/product-images/The Electra High-Frequency Violet Wand Electro-Kit_2.jpg;/product-images/The Electra High-Frequency Violet Wand Electro-Kit_3.jpg;/product-images/The Electra High-Frequency Violet Wand Electro-Kit_4.jpg","Velvet Rose:#B76E79,Midnight Onyx:#1C1C1C"
"The Empress Heavy-Duty Full Body Wand Massager","vibrators","Wand Vibrators",8799,10899,"19% OFF","Heavyweight Power",30,"High-torque broad head massager for rumbling vibrations","Equipped with a high-torque brushless motor and cushioned silicone head designed for broad, rumbling vibrations that relieve deep muscle tension and trigger explosive climax.","< 34 dB","Medical Silicone & Aviation Alloy Neck","180 min Runtime / Fast AC & USB","IPX6 Splashproof","8 Speeds + 12 Variable Patterns","/product-images/The Empress Heavy-Duty Full Body Wand Massager_0.webp;/product-images/The Empress Heavy-Duty Full Body Wand Massager_1.webp;/product-images/The Empress Heavy-Duty Full Body Wand Massager_2.webp;/product-images/The Empress Heavy-Duty Full Body Wand Massager_3.webp","Velvet Rose:#B76E79,Midnight Onyx:#1C1C1C"
"The Empress Womanizer Air-Pulse Clitoral Massager","air-pressure-suction","Womanizer Air-Wave",10999,13999,"21% OFF","Iconic Tech",25,"Uses compressed air waves for touchless clitoral climax","Patented Pleasure Air technology envelops the clitoris in pulsating waves of air pressure without direct friction, leading to rapid multiple orgasms.","< 27 dB (Whisper Quiet)","100% Medical Liquid Silicone","120 min Magnetic USB","IPX7 Submersible","12 Intensity Levels + Smart Silence","/product-images/The Empress Womanizer Air-Pulse Clitoral Massager_0.webp;/product-images/The Empress Womanizer Air-Pulse Clitoral Massager_1.webp;/product-images/The Empress Womanizer Air-Pulse Clitoral Massager_2.webp","Velvet Rose:#B76E79,Midnight Onyx:#1C1C1C"
"The Ergonomic Silicone Ball Gag with Breathable Air Channels","bdsm-kink","Leather Restraints",2199,2899,"24% OFF","Safe Airflow",55,"Hygienic silicone ball with perforated center air tube & leather strap","Engineered for comfort and safety with medical-grade silicone containing central air holes for easy natural breathing, secured by an adjustable buckle.","Muffled","100% Medical Silicone & Leather Strap","Non-electric","100% Washable Ball","Adjustable Buckle (38-55cm)","/product-images/The Ergonomic Silicone Ball Gag with Breathable Air Channels_0.jpg","Velvet Rose:#B76E79,Midnight Onyx:#1C1C1C"
"The Flexi-Tip Curve 360° Rabbit Vibrator","vibrators","Rabbit Vibrators",5299,6999,"24% OFF","Ultra-Flexible",42,"360° flexible silicone tip that bends to your exact natural contours","Features a revolutionary flexible inner core that bends smoothly to match your unique internal angle for targeted G-spot stimulation alongside fluttering external ears.","< 29 dB","100% Medical Liquid Silicone","120 min USB Fast Charge","IPX7 Submersible","10 Dual Motors Frequencies","/product-images/The Flexi-Tip Curve 360 Rabbit Vibrator_0.webp;/product-images/The Flexi-Tip Curve 360 Rabbit Vibrator_1.webp;/product-images/The Flexi-Tip Curve 360 Rabbit Vibrator_2.webp;/product-images/The Flexi-Tip Curve 360 Rabbit Vibrator_3.webp;/product-images/The Flexi-Tip Curve 360 Rabbit Vibrator_4.webp","Velvet Rose:#B76E79,Midnight Onyx:#1C1C1C"
"The Hands-Free Suction Base Articulating Male Stroker","male-masturbators","Automatic Strokers",7999,10499,"24% OFF","Hands-Free Rig",25,"Heavy-duty ball-joint suction mount allows hands-free pleasure at any angle","Equipped with an industrial-strength suction clamp and 360° articulating ball joint that locks onto tables, walls, or headboards for total hands-free control.","< 35 dB","Dual-Layer TPE & Steel Joint Mount","USB Fast Charging","Washable Sleeve","Multi-Speed Thrust & Vibration","/product-images/The Hands-Free Suction Base Articulating Male Stroker_0.jpg;/product-images/The Hands-Free Suction Base Articulating Male Stroker_1.jpg;/product-images/The Hands-Free Suction Base Articulating Male Stroker_2.jpg;/product-images/The Hands-Free Suction Base Articulating Male Stroker_3.jpg;/product-images/The Hands-Free Suction Base Articulating Male Stroker_4.jpg;/product-images/The Hands-Free Suction Base Articulating Male Stroker_5.jpg","Velvet Rose:#B76E79,Midnight Onyx:#1C1C1C"
"The Hydro-Max Digital Automatic Motorized Penis Pump","male-masturbators","Automatic Strokers",7899,10299,"23% OFF","Digital Sensor",28,"Electric motorized vacuum pump with digital LCD pressure readout","Electric motorized cylinder pump featuring real-time LCD pressure gauge, automated step-by-step training programs, and emergency safety release.","< 35 dB","Medical Acrylic & Liquid Silicone Flange","180 min USB Rechargeable","IPX7 Submersible","4 Automatic Vacuum Pressure Cycles","/product-images/The Hydro-Max Digital Automatic Motorized Penis Pump_0.jpg;/product-images/The Hydro-Max Digital Automatic Motorized Penis Pump_1.jpg;/product-images/The Hydro-Max Digital Automatic Motorized Penis Pump_2.jpg;/product-images/The Hydro-Max Digital Automatic Motorized Penis Pump_3.jpg;/product-images/The Hydro-Max Digital Automatic Motorized Penis Pump_4.jpg","Velvet Rose:#B76E79,Midnight Onyx:#1C1C1C"
"The Infinity Connected Flexible Double Dildo","dildos-insertables","Double Dildos",5799,7499,"22% OFF","Couples Favorite",25,"Dual-ended 38cm piece for partner-to-partner connection","Seamless flexible silicone piece allowing two partners to connect face-to-face or a single user to experience profound simultaneous dual insertion.","Silent","Bendable Platinum Silicone","Manual","100% Waterproof","Flexible Dual Anatomy (38cm Length)","/product-images/The Infinity Connected Flexible Double Dildo_0.webp;/product-images/The Infinity Connected Flexible Double Dildo_1.webp;/product-images/The Infinity Connected Flexible Double Dildo_2.webp;/product-images/The Infinity Connected Flexible Double Dildo_3.webp;/product-images/The Infinity Connected Flexible Double Dildo_4.webp","Velvet Rose:#B76E79,Midnight Onyx:#1C1C1C"
"The Kinetic Drive Automated Thrusting Dildo","dildos-insertables","Thrusting Dildos",11499,14899,"23% OFF","Motorized Tech",18,"Mechanically strokes in and out up to 3 inches on its own","Internal linear micro-motor powers automatic mechanical in-and-out thrusting motion up to 3 inches with simultaneous multi-frequency vibrations.","< 38 dB","Medical Silicone & Alloy Chassis","90 min High-Power USB Runtime","IPX6 Splashproof","7 Thrusting Speeds + 10 Vibration Modes","/product-images/The Kinetic Drive Automated Thrusting Dildo_0.webp;/product-images/The Kinetic Drive Automated Thrusting Dildo_1.webp","Velvet Rose:#B76E79,Midnight Onyx:#1C1C1C"
"The Magnetic Heavyweight Ball Stretcher Ring","cock-rings","Metal Cock Rings",3699,4899,"24% OFF","Heavyweight Fit",30,"Precision magnetic clasp ring for comfortable scrotal elongation","Crafted with neodymium magnetic locking pins for easy one-handed placement and smooth heavyweight scrotal restriction.","Silent","316L Surgical Stainless Steel & Neodymium Magnets","Non-electric","100% Waterproof","Magnetic Quick-Lock","/product-images/The Magnetic Heavyweight Ball Stretcher Ring_0.jpg;/product-images/The Magnetic Heavyweight Ball Stretcher Ring_1.jpg;/product-images/The Magnetic Heavyweight Ball Stretcher Ring_2.jpg;/product-images/The Magnetic Heavyweight Ball Stretcher Ring_3.jpg","Velvet Rose:#B76E79,Midnight Onyx:#1C1C1C"
"The Micro-Pulse Bullet Vibrator Pro","vibrators","Bullet Vibrators",2499,3299,"24% OFF","Beginner Essential",80,"Discreet pinpoint external clitoral stimulation wand","Compact, whisper-quiet micro-pulse bullet delivering deep concentrated resonant frequencies with one-button simplicity and satin soft-touch coating.","< 28 dB","Body-Safe Liquid Silicone & Polished ABS","90 min USB Fast Rechargeable","IPX7 Submersible","10 High-Frequency Pulse Modes","/product-images/The Micro-Pulse Bullet Vibrator Pro_0.webp;/product-images/The Micro-Pulse Bullet Vibrator Pro_1.webp;/product-images/The Micro-Pulse Bullet Vibrator Pro_2.webp;/product-images/The Micro-Pulse Bullet Vibrator Pro_3.webp","Velvet Rose:#B76E79,Midnight Onyx:#1C1C1C"
"The Micro-Sonic Finger Vibrator Sleeve","vibrators","Bullet Vibrators",1899,2699,"30% OFF","Hands-On Touch",65,"Wearable textured silicone finger cot with high-frequency micro-motor","Slips directly onto the index or middle finger with textured nubs to transform natural touch into high-intensity sensual vibrations.","< 26 dB","Ultra-Stretch Platinum Silicone","60 min USB Charge","IPX7 100% Waterproof","7 Vibration Speeds","/product-images/The Micro-Sonic Finger Vibrator Sleeve_0.webp;/product-images/The Micro-Sonic Finger Vibrator Sleeve_1.webp;/product-images/The Micro-Sonic Finger Vibrator Sleeve_2.webp;/product-images/The Micro-Sonic Finger Vibrator Sleeve_3.webp;/product-images/The Micro-Sonic Finger Vibrator Sleeve_4.webp","Velvet Rose:#B76E79,Midnight Onyx:#1C1C1C"
"The Naturalis Realistic Dual-Density Dildo","dildos-insertables","Realistic Dildos",5399,6699,"20% OFF","Hyper-Realistic",40,"Lifelike dual-layer silicone mold designed to mimic natural anatomy","Features a firm internal backbone and velvety soft outer skin that replicates real human anatomy with lifelike veins, glans, and testicles.","Silent (0 dB)","Dual-Density Platinum Silicone","Manual (No Battery)","100% Boilable & Submersible","Flexible Ergonomic Thrusting","/product-images/The Naturalis Realistic Dual-Density Dildo_0.webp;/product-images/The Naturalis Realistic Dual-Density Dildo_1.webp;/product-images/The Naturalis Realistic Dual-Density Dildo_2.webp;/product-images/The Naturalis Realistic Dual-Density Dildo_3.webp","Velvet Rose:#B76E79,Midnight Onyx:#1C1C1C"
"The Obsidian Velvet Leather Flogger & Multi-Tassel Crop","bdsm-kink","Floggers & Crops",3499,4599,"24% OFF","Sensory Thud",45,"40 weighted soft leather tails for rhythmic sensory impact play","Features 40 premium suede and full-grain leather falls mounted to a braided leather handle that delivers thrilling thuddy sensory feedback.","Sensory Thud","Soft Genuine Leather & Braided Handle","Non-electric","Wipe Clean","Variable Impact Swings (40 Tails)","/product-images/The Obsidian Velvet Leather Flogger & Multi-Tassel Crop_0.webp;/product-images/The Obsidian Velvet Leather Flogger & Multi-Tassel Crop_1.webp;/product-images/The Obsidian Velvet Leather Flogger & Multi-Tassel Crop_2.webp;/product-images/The Obsidian Velvet Leather Flogger & Multi-Tassel Crop_3.webp","Velvet Rose:#B76E79,Midnight Onyx:#1C1C1C"
"The Ocean-Wave Textured Silicone Dildo","dildos-insertables","Silicone Dildos",3899,4999,"22% OFF","Wave Texture",48,"Horizontal wave ripples that create undulating internal friction","Crafted with undulating horizontal ripples along its length, generating rhythmic waves of internal tactile pressure with every movement.","Silent","100% Velvet Liquid Silicone","Manual","100% Waterproof","Rhythmic Wave Friction","/product-images/The Ocean-Wave Textured Silicone Dildo_0.webp;/product-images/The Ocean-Wave Textured Silicone Dildo_1.webp;/product-images/The Ocean-Wave Textured Silicone Dildo_2.webp;/product-images/The Ocean-Wave Textured Silicone Dildo_3.webp;/product-images/The Ocean-Wave Textured Silicone Dildo_4.webp","Velvet Rose:#B76E79,Midnight Onyx:#1C1C1C"
"The Palm-Grip Ergonomic Body Massager","vibrators","Wand Vibrators",3999,5499,"27% OFF","Ergonomic Choice",38,"Fits naturally into palm of hand for effortless pressure control","Pebble-shaped ergonomic massager that nestles naturally in the palm of your hand, allowing intuitive pressure adjustment across sensitive zones.","< 28 dB","Silky Soft-Touch Silicone","90 min USB Rechargeable","IPX7 Waterproof","8 Pulsing Rhythms","/product-images/The Palm-Grip Ergonomic Body Massager_0.webp;/product-images/The Palm-Grip Ergonomic Body Massager_1.webp;/product-images/The Palm-Grip Ergonomic Body Massager_2.webp;/product-images/The Palm-Grip Ergonomic Body Massager_3.webp","Velvet Rose:#B76E79,Midnight Onyx:#1C1C1C"
"The Petite Lipstick Travel Discreet Vibrator","vibrators","Bullet Vibrators",1499,2299,"35% OFF","Discreet Disguise",90,"Disguised as high-end designer lipstick for total travel discretion","Looks identical to a luxury lipstick tube with a sleek twist cap. Features a beveled silicone tip that delivers surprisingly intense pinpoint clitoral vibrations.","< 25 dB","ABS Gold Plating & Silicone Tip","AAA Battery / 4 Hours Play","IPX5 Water Resistant","1 Multi-Speed Smooth Dial","/product-images/The Petite Lipstick Travel Discreet Vibrator_0.webp;/product-images/The Petite Lipstick Travel Discreet Vibrator_1.webp;/product-images/The Petite Lipstick Travel Discreet Vibrator_2.webp;/product-images/The Petite Lipstick Travel Discreet Vibrator_3.webp","Velvet Rose:#B76E79,Midnight Onyx:#1C1C1C"
"The Pleasure-Nodule Vibrating Partner Cock Ring","cock-rings","Vibrating Cock Rings",2999,3999,"25% OFF","Dual Sensation",55,"Features flexible silicone ticklers that massage partner with every thrust","Stretchy silicone constriction band crowned with a flexible vibrating tickler that directly massages the clitoris or G-spot during penetration.","< 27 dB","Silky Soft Silicone","60 min USB Fast Charge","IPX7 Waterproof","7 Sensation Patterns","/product-images/The Pleasure-Nodule Vibrating Partner Cock Ring_0.webp;/product-images/The Pleasure-Nodule Vibrating Partner Cock Ring_1.jpg;/product-images/The Pleasure-Nodule Vibrating Partner Cock Ring_2.jpg;/product-images/The Pleasure-Nodule Vibrating Partner Cock Ring_3.jpg;/product-images/The Pleasure-Nodule Vibrating Partner Cock Ring_4.jpg","Velvet Rose:#B76E79,Midnight Onyx:#1C1C1C"
"The Poseable Internal Spine Multi-Angle Dildo","dildos-insertables","Silicone Dildos",4799,6199,"22% OFF","Custom Angle",35,"Flexible internal metal spine holds any bend or curve you shape","Engineered with a memory-flex internal skeleton that can be bent into any custom curve and holds its shape with rigid stability throughout your session.","Silent","Liquid Silicone + Copper Flex Core","Manual","100% Submersible","360° Custom Shapeable Angles","/product-images/The Poseable Internal Spine Multi-Angle Dildo_0.webp;/product-images/The Poseable Internal Spine Multi-Angle Dildo_1.webp;/product-images/The Poseable Internal Spine Multi-Angle Dildo_2.webp;/product-images/The Poseable Internal Spine Multi-Angle Dildo_3.webp;/product-images/The Poseable Internal Spine Multi-Angle Dildo_4.webp","Velvet Rose:#B76E79,Midnight Onyx:#1C1C1C"
"The Premium Shibari 100% Natural Cotton Rope Set (3x10m)","bdsm-kink","Leather Restraints",2799,3699,"24% OFF","Japanese Shibari",60,"3 bundles of 6mm triple-braided untreated soft Japanese bondage rope","Triple-braided natural Japanese cotton rope treated with organic jojoba and beeswax for buttery smooth skin glide without rope burn.","Silent","100% Natural Cotton & Beeswax Treatment","Non-electric","Keep Dry","3 x 10m Lengths (6mm Diameter)","/product-images/The Premium Shibari 100% Natural Cotton Rope Set (3x10m)_0.jpg;/product-images/The Premium Shibari 100% Natural Cotton Rope Set (3x10m)_1.jpg;/product-images/The Premium Shibari 100% Natural Cotton Rope Set (3x10m)_2.jpg","Velvet Rose:#B76E79,Midnight Onyx:#1C1C1C"
"The Prism Handcrafted Borosilicate Glass Dildo","dildos-insertables","Glass Dildos",4699,6099,"22% OFF","Temperature Play",35,"Non-porous, hand-blown crystal glass toy that can be heated or cooled","Non-porous, hypoallergenic borosilicate glass with ribbed spiral ripples. Place in warm water for soothing heat or ice water for sensory chills.","Completely Silent","Hypoallergenic Borosilicate Glass","Manual","100% Dishwasher Safe & Boilable","Thermal Conduction Warm/Cold","/product-images/The Prism Handcrafted Borosilicate Glass Dildo_0.webp","Velvet Rose:#B76E79,Midnight Onyx:#1C1C1C"
"The Pulse-Charge Vibrating Dual Cock Ring","cock-rings","Vibrating Cock Rings",2699,3299,"18% OFF","Couples Favorite",75,"Stretches around shaft & testicles with high-frequency clitoral bullet","Elastic silicone dual-loop ring that restricts blood flow for rock-solid stamina while a contoured vibrating motor provides continuous partner stimulation.","< 25 dB","100% Medical Platinum Silicone","80 min USB Fast Rechargeable","IPX8 100% Submersible","10 Sensation Speeds","/product-images/The Pulse-Charge Vibrating Dual Cock Ring_0.jpg;/product-images/The Pulse-Charge Vibrating Dual Cock Ring_1.jpg","Velvet Rose:#B76E79,Midnight Onyx:#1C1C1C"
"The Pure Curve Liquid Silicone Flexible Dildo","dildos-insertables","Silicone Dildos",3999,5099,"21% OFF","Body-Safe Choice",55,"Flexible, velvety soft textured medical silicone insertable","Silky smooth liquid silicone dildo featuring a gentle upward anatomical curve designed to naturally target and stimulate the anterior G-spot wall.","Silent","100% Medical Grade Silicone","Manual","100% Waterproof & Washable","Flexible Anatomical Ergonomics","/product-images/The Pure Curve Liquid Silicone Flexible Dildo_0.webp;/product-images/The Pure Curve Liquid Silicone Flexible Dildo_1.webp;/product-images/The Pure Curve Liquid Silicone Flexible Dildo_2.webp;/product-images/The Pure Curve Liquid Silicone Flexible Dildo_3.webp;/product-images/The Pure Curve Liquid Silicone Flexible Dildo_4.webp","Velvet Rose:#B76E79,Midnight Onyx:#1C1C1C"
"The Rose Petal Pulsating Suction Clitoral Cup","air-pressure-suction","Womanizer Air-Wave",3699,4899,"24% OFF","Viral Sensation",70,"Sculpted like an elegant blooming rose with vacuum oral suction","Discreet rose-shaped silicone cup that forms an airtight seal around the clitoris, stimulating with fluttering suction pulses that simulate oral tongue flutter.","< 28 dB","Silky Velvet Silicone","90 min USB Rechargeable","IPX7 Waterproof","10 Sucking & Fluttering Speeds","/product-images/The Rose Petal Pulsating Suction Clitoral Cup_0.jpg;/product-images/The Rose Petal Pulsating Suction Clitoral Cup_1.jpg;/product-images/The Rose Petal Pulsating Suction Clitoral Cup_2.jpg;/product-images/The Rose Petal Pulsating Suction Clitoral Cup_3.jpg;/product-images/The Rose Petal Pulsating Suction Clitoral Cup_4.jpg","Velvet Rose:#B76E79,Midnight Onyx:#1C1C1C"
"The Sensory Feather Tickler & Wartenberg Neuro-Pinwheel Kit","bdsm-kink","Floggers & Crops",1999,2799,"28% OFF","Sensory Contrast",65,"Pair containing ultra-soft ostrich feather wand + stainless pinwheel","Explore the thrill of temperature and sensation contrast with an ultra-soft natural feather tickler paired with a medical stainless steel Wartenberg pinwheel.","Whisper Soft","Natural Feathers, Acrylic Handle & Stainless Pinwheel","Non-electric","Keep Dry","Sensory Contrast Nerve Play","/product-images/The Sensory Feather Tickler & Wartenberg Neuro-Pinwheel Kit_0.jpg","Velvet Rose:#B76E79,Midnight Onyx:#1C1C1C"
"The Silk Satin Blindfold & Sensory Restraint Tie","bdsm-kink","Leather Restraints",1499,2199,"32% OFF","Sensory Deprivation",90,"Double-layered mulberry silk for 100% light blackout & heightened touch","Padded double-layered 100% mulberry silk blindfold that blocks out all ambient light to dramatically heighten hearing, touch, and sensual anticipation.","Silent","100% Natural Mulberry Silk & Cotton Padding","Non-electric","Hand Washable","Sensory Light Deprivation (Tie-on Fit)","/product-images/The Silk Satin Blindfold & Sensory Restraint Tie_0.jpg;/product-images/The Silk Satin Blindfold & Sensory Restraint Tie_1.jpg;/product-images/The Silk Satin Blindfold & Sensory Restraint Tie_2.jpg;/product-images/The Silk Satin Blindfold & Sensory Restraint Tie_3.jpg;/product-images/The Silk Satin Blindfold & Sensory Restraint Tie_4.jpg;/product-images/The Silk Satin Blindfold & Sensory Restraint Tie_5.webp","Velvet Rose:#B76E79,Midnight Onyx:#1C1C1C"
"The Sovereign Flared Base Harness-Ready Dildo","dildos-insertables","Realistic Dildos",4199,5399,"22% OFF","Harness Compatible",40,"Flared base compatible with all standard strap-on O-rings","Designed specifically with a grooved flared base that locks securely into all standard universal strap-on harness O-rings without slipping or dislodging.","Silent","Firm Medical Silicone","Harness Compatible","100% Waterproof","Strap-On Partner Play","/product-images/The Sovereign Flared Base Harness-Ready Dildo_0.webp;/product-images/The Sovereign Flared Base Harness-Ready Dildo_1.webp","Velvet Rose:#B76E79,Midnight Onyx:#1C1C1C"
"The Sovereign Handcrafted Genuine Leather Restraints Set","bdsm-kink","Leather Restraints",4999,6499,"23% OFF","Handmade Leather",35,"Padded wrist & ankle cuffs with quick-release metal clasps","Handcrafted from full-grain vegetable-tanned bridle leather lined with ultra-soft shearling fur for comfortable secure restraint play.","Silent","Full-Grain Leather, Shearling Fur & Steel D-Rings","Non-electric","Wipe Clean","Adjustable Buckle Sizing with 4 Cuffs","/product-images/The Sovereign Handcrafted Genuine Leather Restraints Set_0.jpg;/product-images/The Sovereign Handcrafted Genuine Leather Restraints Set_1.webp;/product-images/The Sovereign Handcrafted Genuine Leather Restraints Set_2.jpg;/product-images/The Sovereign Handcrafted Genuine Leather Restraints Set_3.jpg;/product-images/The Sovereign Handcrafted Genuine Leather Restraints Set_4.webp","Velvet Rose:#B76E79,Midnight Onyx:#1C1C1C"
"The Spiral-Ribbed Contoured G-Spot Dildo","dildos-insertables","Silicone Dildos",3699,4899,"24% OFF","Textured Friction",45,"Ascending textured ridges that massage on both insertion and withdrawal","Features escalating spiral ribbed contours that stimulate every nerve ending along the vaginal canal, culminating in an ergonomic curved head.","Silent","100% Medical Grade Silicone","Manual","100% Waterproof","Tactile Spiral Resistance","/product-images/The Spiral-Ribbed Contoured G-Spot Dildo_0.webp;/product-images/The Spiral-Ribbed Contoured G-Spot Dildo_1.webp;/product-images/The Spiral-Ribbed Contoured G-Spot Dildo_2.webp","Velvet Rose:#B76E79,Midnight Onyx:#1C1C1C"
"The Strong-Hold Hands-Free Suction-Cup Dildo","dildos-insertables","Suction-Cup Dildos",4399,5799,"23% OFF","Hands-Free Top Pick",50,"Powerful vacuum base attaches to shower tiles, walls, or harness","Equipped with a powerful suction base that anchors firmly to smooth bathroom tiles, shower walls, floors, or strap-on harnesses for hands-free positioning.","Silent","Firm Body-Safe Silicone","Harness Compatible (No Battery)","100% Submersible","Hands-Free Surface Mount","/product-images/The Strong-Hold Hands-Free Suction-Cup Dildo_0.webp;/product-images/The Strong-Hold Hands-Free Suction-Cup Dildo_1.webp","Velvet Rose:#B76E79,Midnight Onyx:#1C1C1C"
"The Textured Stamina Extender Girth Sleeve","cock-rings","Stretchy Silicone Rings",1999,2799,"28% OFF","Girth Booster",65,"Adds 0.5 inches girth & textured friction with testicle strap","Ultra-soft studded silicone sleeve that fits snugly over the penile shaft to add visible girth, delay ejaculation, and provide intense internal ribbed stimulation.","Silent","Super-Stretch Platinum Silicone","Non-electric","100% Washable","Girth Extension & Stamina Lock","/product-images/The Textured Stamina Extender Girth Sleeve_0.webp;/product-images/The Textured Stamina Extender Girth Sleeve_1.webp;/product-images/The Textured Stamina Extender Girth Sleeve_2.webp","Velvet Rose:#B76E79,Midnight Onyx:#1C1C1C"
"The Titan Mirror-Polished Surgical Steel Cock Ring","cock-rings","Metal Cock Rings",2999,3999,"25% OFF","Solid Steel",40,"Solid 316L mirror-polished medical steel ring for firm constriction","Precision machined from surgical-grade stainless steel with smooth radius inner edges for profound firmness, weight, and enhanced staying power.","Silent","316L Surgical Stainless Steel","Non-electric","100% Submersible","Solid Constriction (Available in 45mm, 50mm, 55mm)","/product-images/The Titan Mirror-Polished Surgical Steel Cock Ring_0.jpg;/product-images/The Titan Mirror-Polished Surgical Steel Cock Ring_1.jpg;/product-images/The Titan Mirror-Polished Surgical Steel Cock Ring_2.jpg;/product-images/The Titan Mirror-Polished Surgical Steel Cock Ring_3.jpg;/product-images/The Titan Mirror-Polished Surgical Steel Cock Ring_4.jpg;/product-images/The Titan Mirror-Polished Surgical Steel Cock Ring_5.jpg","Velvet Rose:#B76E79,Midnight Onyx:#1C1C1C"
"The Tri-Lock Triple Loop Silicone Cock Ring","cock-rings","Stretchy Silicone Rings",2199,2999,"26% OFF","Triple Lockdown",60,"3 connected rings secure shaft base, testicles, and scrotum separately","Triple-loop constriction harness that isolates and supports the shaft base, perineum, and scrotal sac for extreme firmness, stamina, and fullness.","Silent","High-Elasticity Medical Silicone","Non-electric","100% Submersible","3-Point Anatomical Support","/product-images/The Tri-Lock Triple Loop Silicone Cock Ring_0.webp;/product-images/The Tri-Lock Triple Loop Silicone Cock Ring_1.webp;/product-images/The Tri-Lock Triple Loop Silicone Cock Ring_2.webp;/product-images/The Tri-Lock Triple Loop Silicone Cock Ring_3.webp;/product-images/The Tri-Lock Triple Loop Silicone Cock Ring_4.webp","Velvet Rose:#B76E79,Midnight Onyx:#1C1C1C"
"The Tulip Blossom Touchless Clitoral Sucker","air-pressure-suction","Womanizer Air-Wave",3299,4299,"23% OFF","Petal Design",60,"Sculpted tulip petals with ultra-soft silicone vacuum cup","Delicate floral aesthetic containing a high-frequency pneumatic air-pulse engine that creates fluttering rhythmic oral suction.","< 27 dB","Soft Medical Silicone","90 min USB Magnetic","IPX7 100% Submersible","8 Pulsating Air Speeds","/product-images/The Tulip Blossom Touchless Clitoral Sucker_0.webp;/product-images/The Tulip Blossom Touchless Clitoral Sucker_1.gif;/product-images/The Tulip Blossom Touchless Clitoral Sucker_2.webp;/product-images/The Tulip Blossom Touchless Clitoral Sucker_3.webp;/product-images/The Tulip Blossom Touchless Clitoral Sucker_4.webp","Velvet Rose:#B76E79,Midnight Onyx:#1C1C1C"
"The Ultra-Discreet Compact Air-Suction Pebble","air-pressure-suction","Womanizer Air-Wave",2999,3999,"25% OFF","Pocket Travel",65,"Miniature pocket air-pulse toy with travel lock & hygienic cap","Ultra-portable pocket pebble featuring a magnetic travel cover cap, zero-sound travel lock, and surprising air-pulse intensity.","< 25 dB","Medical Silicone & Magnetic Cap","80 min USB Charge","IPX7 Waterproof","8 Air Wave Modes","/product-images/The Ultra-Discreet Compact Air-Suction Pebble_0.png;/product-images/The Ultra-Discreet Compact Air-Suction Pebble_2.jpg;/product-images/The Ultra-Discreet Compact Air-Suction Pebble_3.png","Velvet Rose:#B76E79,Midnight Onyx:#1C1C1C"
"The Universal Under-Bed Discreet Bondage Restraint System","bdsm-kink","Leather Restraints",3699,4999,"26% OFF","Travel Friendly",45,"Straps slide invisibly under any mattress with 4 adjustable padded cuffs","Fully adjustable cross-straps that fit securely under any mattress (King, Queen, Single) with 4 quick-clip padded wrist and ankle restraints.","Silent","High-Tensile Nylon & Neoprene Cuffs","Non-electric","Washable Straps","Universal Mattress Fit (4 Limb Points)","/product-images/The Universal Under-Bed Discreet Bondage Restraint System_0.webp;/product-images/The Universal Under-Bed Discreet Bondage Restraint System_1.webp;/product-images/The Universal Under-Bed Discreet Bondage Restraint System_2.jpg;/product-images/The Universal Under-Bed Discreet Bondage Restraint System_3.jpg;/product-images/The Universal Under-Bed Discreet Bondage Restraint System_4.jpg","Velvet Rose:#B76E79,Midnight Onyx:#1C1C1C"
"The Velvet Botanical 100% Organic Water-Based Lubricant (150ml)","lubricants-care","Water-Based Lubes",1299,1799,"28% OFF","100% Organic",120,"Infused with Aloe Vera, Chamomile & Hyaluronic Acid for lasting glide","Ultra-pure, pH-balanced 100% water-based formula that mimics natural moisture with zero stickiness, stains, or synthetic parabens. Safe for all silicone toys.","Silent","Purified Water, Aloe Vera, Hyaluronic Acid","Non-electric","100% Water Soluble & Condom Safe","Long-Lasting Silk Glide (150ml Pump)","/product-images/The Velvet Botanical 100% Organic Water-Based Lubricant (150ml)_0.jpg;/product-images/The Velvet Botanical 100% Organic Water-Based Lubricant (150ml)_1.jpg;/product-images/The Velvet Botanical 100% Organic Water-Based Lubricant (150ml)_2.jpg;/product-images/The Velvet Botanical 100% Organic Water-Based Lubricant (150ml)_3.jpg;/product-images/The Velvet Botanical 100% Organic Water-Based Lubricant (150ml)_4.jpg","Velvet Rose:#B76E79,Midnight Onyx:#1C1C1C"
"The Velvet-Skin Fleshlight Textured Stroker Case","male-masturbators","Fleshlight Cases",6699,8499,"20% OFF","Male Best Seller",55,"Discreet handheld case with patented textured SuperSkin internal sleeve","Iconic discreet flashlight-style case with an ultra-soft textured SuperSkin internal sleeve that replicates natural anatomy with adjustable air suction end-cap.","Whisper Soft","Patented RealFeel SuperSkin + ABS Hardcase","Manual Suction","100% Washable Core","Adjustable Air Suction Dial","/product-images/The Velvet-Skin Fleshlight Textured Stroker Case_0.webp;/product-images/The Velvet-Skin Fleshlight Textured Stroker Case_1.webp;/product-images/The Velvet-Skin Fleshlight Textured Stroker Case_2.webp;/product-images/The Velvet-Skin Fleshlight Textured Stroker Case_3.webp","Velvet Rose:#B76E79,Midnight Onyx:#1C1C1C"
"The Weighted Stainless Steel Nipple Clamps with Chain","bdsm-kink","Leather Restraints",2499,3299,"24% OFF","Pinch & Pull",50,"Adjustable tension rubber-tipped alligator clamps linked by steel chain","Pair of stainless steel alligator clamps with protective silicone tips and knurled tension screws that allow exact calibration from gentle pressure to firm pinch.","Clinking Chain","Stainless Steel & Silicone Protectors","Non-electric","100% Submersible","Micrometer Screw Tension Tuning","/product-images/The Weighted Stainless Steel Nipple Clamps with Chain_0.jpg;/product-images/The Weighted Stainless Steel Nipple Clamps with Chain_1.jpg;/product-images/The Weighted Stainless Steel Nipple Clamps with Chain_2.jpg;/product-images/The Weighted Stainless Steel Nipple Clamps with Chain_3.jpg","Velvet Rose:#B76E79,Midnight Onyx:#1C1C1C"
"The Whisper Remote-Control Magnetic Panty Vibrator","vibrators","Panty Vibrators",4999,6999,"28% OFF","Discreet Wearable",55,"Magnetic clamp wearable vibe with long-range wireless remote","Ultra-thin ergonomic curve secures invisibly inside underwear with powerful magnetic hold, controlled via wireless remote up to 15 meters for public or private thrills.","< 24 dB (Whisper Stealth)","Seamless Platinum Silicone","90 min Magnetic USB Charge","IPX8 100% Submersible","10 Wireless Remote Modes","/product-images/The Whisper Remote-Control Magnetic Panty Vibrator_0.webp;/product-images/The Whisper Remote-Control Magnetic Panty Vibrator_1.webp;/product-images/The Whisper Remote-Control Magnetic Panty Vibrator_2.webp;/product-images/The Whisper Remote-Control Magnetic Panty Vibrator_3.webp","Velvet Rose:#B76E79,Midnight Onyx:#1C1C1C"
"The Whisper-Quiet Luxury Wand & Mist Set","vibrators","Wand Vibrators",3499,4999,"30% OFF","Complete Ritual",50,"Includes portable mini wand massager + botanical toy cleaning mist","The ultimate intimate starter kit containing a compact high-power wand massager with flexible neck and 60ml antibacterial organic cleaning mist.","< 27 dB","Silky Silicone & Antibacterial Mist","120 min USB Charge","IPX7 Waterproof","8 Deep Rumble Frequencies","/product-images/The Whisper-Quiet Luxury Wand and Mist Set_0.webp;/product-images/The Whisper-Quiet Luxury Wand and Mist Set_1.webp;/product-images/The Whisper-Quiet Luxury Wand and Mist Set_2.webp;/product-images/The Whisper-Quiet Luxury Wand and Mist Set_3.webp;/product-images/The Whisper-Quiet Luxury Wand and Mist Set_4.webp","Velvet Rose:#B76E79,Midnight Onyx:#1C1C1C"
"We-Vibe Chorus Couples App-Controlled Vibrator","vibrators","Couples Vibrators",14499,17999,"19% OFF","Best for Couples",22,"Worn during intercourse for simultaneous dual-partner stimulation","Flexible U-shape massager worn during intercourse. Stimulates the clitoris and G-spot simultaneously while enhancing penile sensation for the partner.","< 28 dB","Silky Platinum Silicone","90 min Magnetic Wireless Dock","100% Waterproof","Touch-Sense Smart Controls + Smartphone App","/product-images/We-Vibe Chorus Couples App-Controlled Vibrator_0.webp;/product-images/We-Vibe Chorus Couples App-Controlled Vibrator_1.webp;/product-images/We-Vibe Chorus Couples App-Controlled Vibrator_2.webp;/product-images/We-Vibe Chorus Couples App-Controlled Vibrator_3.webp;/product-images/We-Vibe Chorus Couples App-Controlled Vibrator_4.webp;/product-images/We-Vibe Chorus Couples App-Controlled Vibrator_5.webp","Velvet Rose:#B76E79,Midnight Onyx:#1C1C1C"
"We-Vibe Pivot High-Intensity Wireless Cock Ring","cock-rings","Vibrating Cock Rings",7999,9999,"20% OFF","App Controlled",30,"Wide silicone band with powerful rumbles controlled via We-Connect app","Features a wide comfort-fit silicone band that maintains firm erections while a pivoting vibrating head stimulates the clitoris with deep customizable rumbles.","< 24 dB","Silky Soft-Touch Silicone","120 min Magnetic USB Charge","100% Waterproof","10 Modes + Smartphone App Control","/product-images/We-Vibe Pivot High-Intensity Wireless Cock Ring_0.jpg;/product-images/We-Vibe Pivot High-Intensity Wireless Cock Ring_1.jpg;/product-images/We-Vibe Pivot High-Intensity Wireless Cock Ring_2.jpg;/product-images/We-Vibe Pivot High-Intensity Wireless Cock Ring_3.jpg;/product-images/We-Vibe Pivot High-Intensity Wireless Cock Ring_4.jpg;/product-images/We-Vibe Pivot High-Intensity Wireless Cock Ring_5.jpg","Velvet Rose:#B76E79,Midnight Onyx:#1C1C1C"
"Womanizer Premium Eco Biodegradable Air-Pulse","air-pressure-suction","Womanizer Air-Wave",14999,18999,"21% OFF","Eco Luxury",15,"Crafted with renewable Biolene biodegradable material & Smart Silence","Eco-conscious sensual luxury engineered with renewable Biolene, Smart Silence contact sensor, and 12 Pleasure Air touchless pressure intensities.","< 25 dB","Biodegradable Biolene & Medical Silicone","240 min Magnetic Charging","IPX7 Waterproof","12 Pleasure Air Intensities + Smart Silence","/product-images/Womanizer Premium Eco Biodegradable Air-Pulse_0.jpg;/product-images/Womanizer Premium Eco Biodegradable Air-Pulse_1.jpg;/product-images/Womanizer Premium Eco Biodegradable Air-Pulse_2.jpg;/product-images/Womanizer Premium Eco Biodegradable Air-Pulse_3.jpg;/product-images/Womanizer Premium Eco Biodegradable Air-Pulse_4.jpg","Velvet Rose:#B76E79,Midnight Onyx:#1C1C1C"